year,month,day,dep_time,sched_dep_time,dep_delay,arr_time,sched_arr_time,arr_delay,carrier,flight,tailnum,origin,dest,air_time,distance,hour,minute,time_hour
2013,7,27,669,645,24,1083,1059,45,F9,4502,N772AA,LGA,MKE,254,2294,6,45,2013-07-27 06:00:00
2013,7,11,693,715,-22,1334,1356,-9,YV,8275,N414EF,LGA,MCO,401,3254,7,15,2013-07-11 07:00:00
2013,3,3,1466,1415,51,2071,2020,58,F9,6396,N348AE,JFK,PHX,365,3196,14,15,2013-03-03 14:00:00
2013,4,17,2163,2115,48,2364,2316,45,MQ,1539,N135GE,LGA,FLL,121,1120,21,15,2013-04-17 21:00:00
2013,9,26,1436,1415,21,2073,2052,30,F9,4983,N386EB,EWR,TPA,397,3057,14,15,2013-09-26 14:00:00
2013,5,27,929,915,14,1084,1070,36,AA,8508,N637HA,EWR,SFO,115,863,9,15,2013-05-27 09:00:00
2013,12,7,1759,1715,44,2396,2352,73,YV,4067,N108FA,LGA,SJU,397,3369,17,15,2013-12-07 17:00:00
2013,5,18,1938,1915,23,2073,2050,41,F9,8867,N462FD,JFK,MCO,95,857,19,15,2013-05-18 19:00:00
2013,11,27,768,800,-32,1388,1420,-28,UA,4535,N682CC,EWR,MSP,380,3275,8,0,2013-11-27 08:00:00
2013,5,11,825,815,10,1472,1462,24,F9,6701,N573AF,JFK,SEA,407,3643,8,15,2013-05-11 08:00:00
2013,4,24,1194,1145,49,1624,1575,50,YV,4815,N525HE,EWR,DEN,270,2351,11,45,2013-04-24 11:00:00
2013,7,5,865,915,-50,1118,1168,-54,EV,5827,N137AB,JFK,BQN,173,1314,9,15,2013-07-05 09:00:00
2013,11,27,1598,1600,-2,2253,2255,-6,F9,209,N566DC,EWR,IAD,415,3635,16,0,2013-11-27 16:00:00
2013,3,26,1001,1030,-29,1318,1347,-11,UA,8437,N185ED,JFK,BOS,197,1662,10,30,2013-03-26 10:00:00
2013,10,11,2054,2045,9,2378,2369,9,UA,6695,N857FD,EWR,MSP,204,1583,20,45,2013-10-11 20:00:00
2013,7,6,1352,1300,52,1688,1636,64,HA,7550,N869BA,EWR,TPA,216,2051,13,0,2013-07-06 13:00:00
2013,7,16,654,730,-76,1290,1366,-87,YV,6063,N853EB,JFK,DEN,396,3688,7,30,2013-07-16 07:00:00
2013,5,10,557,530,27,606,579,25,FL,5374,N970GD,LGA,MKE,49,436,5,30,2013-05-10 05:00:00
2013,3,24,912,945,-33,1058,1091,-31,HA,4336,N297DF,JFK,SJU,106,852,9,45,2013-03-24 09:00:00
2013,4,24,1444,1445,-1,1674,1675,24,HA,3293,N779BE,LGA,DFW,150,1202,14,45,2013-04-24 14:00:00
2013,4,28,1594,1645,-51,2138,2189,-32,MQ,5200,N145EC,EWR,DTW,344,2934,16,45,2013-04-28 16:00:00
2013,11,5,809,830,-21,1029,1050,-1,US,168,N969HF,LGA,OAK,140,1094,8,30,2013-11-05 08:00:00
2013,10,21,1218,1215,3,1418,1415,23,DL,3051,N565DC,LGA,TPA,120,911,12,15,2013-10-21 12:00:00
2013,4,18,669,730,-61,1100,1161,-57,AA,4141,N864HA,JFK,DTW,271,2363,7,30,2013-04-18 07:00:00
2013,5,19,1215,1100,115,1747,1632,100,FL,9571,N777AB,EWR,FLL,332,2514,11,0,2013-05-19 11:00:00
2013,8,4,1220,1215,5,1543,1538,13,MQ,252,N980BC,JFK,BWI,203,1689,12,15,2013-08-04 12:00:00
2013,12,4,912,915,-3,1439,1442,20,YV,245,N394DE,EWR,PHX,327,2967,9,15,2013-12-04 09:00:00
2013,6,1,745,730,15,1065,1050,25,AS,9415,N795HC,JFK,DEN,200,1738,7,30,2013-06-01 07:00:00
2013,3,6,620,545,75,755,680,97,AA,8699,N928BB,JFK,LAX,95,761,5,45,2013-03-06 05:00:00
2013,5,21,1376,1400,-24,1904,1928,-14,9E,1221,N586HB,LGA,STL,328,3082,14,0,2013-05-21 14:00:00
2013,9,8,1322,1345,-23,1871,1894,-18,YV,1609,N654GA,JFK,PHL,349,3128,13,45,2013-09-08 13:00:00
2013,6,12,1149,1145,4,1390,1386,-6,WN,7494,N163HD,EWR,MSP,161,1219,11,45,2013-06-12 11:00:00
2013,8,13,1993,1945,48,2616,2568,41,HA,6209,N309EB,JFK,PHX,383,3484,19,45,2013-08-13 19:00:00
2013,3,20,1311,1345,-34,1857,1891,-14,UA,7494,N870DB,JFK,MSY,346,3093,13,45,2013-03-20 13:00:00
2013,8,3,654,600,54,1272,1218,68,B6,5765,N458HD,JFK,PHL,378,3412,6,0,2013-08-03 06:00:00
2013,9,10,1557,1515,42,1616,1574,48,9E,3799,N975AC,EWR,FLL,59,447,15,15,2013-09-10 15:00:00
2013,10,12,2190,2145,45,2599,2554,40,VX,6626,N382DD,EWR,HNL,249,2011,21,45,2013-10-12 21:00:00
2013,10,9,1089,1100,-11,1523,1534,3,US,9774,N435BB,LGA,PHL,274,2249,11,0,2013-10-09 11:00:00
2013,6,19,543,500,43,696,653,71,MQ,1662,N392EC,EWR,IAD,113,898,5,0,2013-06-19 05:00:00
2013,12,15,1453,1430,23,1710,1687,14,UA,7940,N193CC,EWR,DEN,177,1464,14,30,2013-12-15 14:00:00
2013,2,4,1570,1530,40,1674,1634,51,B6,829,N915EF,JFK,SEA,64,516,15,30,2013-02-04 15:00:00
2013,7,10,1551,1515,36,1877,1841,21,DL,3450,N493EB,EWR,FLL,206,1759,15,15,2013-07-10 15:00:00
2013,11,15,911,845,66,1416,1350,86,DL,2540,N674HB,EWR,DEN,305,2593,8,45,2013-11-15 08:00:00
2013,9,7,1984,2015,-31,2109,2140,-10,UA,6226,N494CB,EWR,DTW,85,795,20,15,2013-09-07 20:00:00
2013,9,27,2024,2000,24,2224,2200,45,UA,8710,N569FE,JFK,STL,120,1052,20,0,2013-09-27 20:00:00
2013,12,19,1782,1745,37,1928,1891,46,B6,2201,N653DC,EWR,ORD,106,890,17,45,2013-12-19 17:00:00
2013,11,26,792,800,-8,1101,1109,-23,B6,6794,N645FD,LGA,RDU,189,1454,8,0,2013-11-26 08:00:00
2013,2,28,1800,1715,85,2446,2361,75,VX,8774,N637BA,JFK,LAX,406,3074,17,15,2013-02-28 17:00:00
2013,12,11,1572,1630,-58,1786,1844,-39,F9,5710,N361HA,JFK,BQN,134,1219,16,30,2013-12-11 16:00:00
2013,1,11,1231,1245,-14,1486,1500,-24,FL,9207,N671BB,EWR,TPA,175,1617,12,45,2013-01-11 12:00:00
2013,5,4,1574,1615,-41,1988,2029,-41,WN,6397,N398CB,JFK,MCO,254,2387,16,15,2013-05-04 16:00:00
2013,12,28,813,800,13,955,942,29,AA,2564,N835FC,JFK,MSP,102,799,8,0,2013-12-28 08:00:00
2013,10,2,1430,1445,-15,1749,1764,-19,AA,7466,N313DB,EWR,MSP,199,1824,14,45,2013-10-02 14:00:00
2013,5,18,1874,1815,59,2424,2365,76,FL,5021,N884EF,JFK,OAK,350,2737,18,15,2013-05-18 18:00:00
2013,9,24,1750,1730,20,2096,2076,22,OO,6291,N814FD,JFK,DTW,226,1759,17,30,2013-09-24 17:00:00
2013,7,16,828,730,98,1084,986,95,US,5688,N864BD,EWR,BWI,176,1577,7,30,2013-07-16 07:00:00
2013,5,8,1495,1500,-5,2042,2047,-5,MQ,1393,N941GC,JFK,DFW,347,3215,15,0,2013-05-08 15:00:00
2013,8,1,1313,1330,-17,1449,1466,-18,UA,4208,N369GE,LGA,MDW,96,826,13,30,2013-08-01 13:00:00
2013,4,9,949,845,104,1259,1155,89,US,1256,N315BD,LGA,MSP,190,1506,8,45,2013-04-09 08:00:00
2013,11,5,1433,1445,-12,2060,2072,-21,F9,2112,N717AE,LGA,PHL,387,3330,14,45,2013-11-05 14:00:00
2013,11,7,656,615,41,802,761,58,HA,4746,N285FE,LGA,DFW,106,972,6,15,2013-11-07 06:00:00
2013,9,9,655,615,40,1191,1151,25,YV,2318,N214HA,LGA,PBI,336,2816,6,15,2013-09-09 06:00:00
2013,7,26,1784,1745,39,2431,2392,32,F9,6665,N670HC,EWR,SJU,407,3241,17,45,2013-07-26 17:00:00
2013,1,4,1195,1145,50,1444,1394,58,9E,6872,N929BC,JFK,IAD,169,1566,11,45,2013-01-04 11:00:00
2013,7,21,1755,1730,25,1910,1885,14,YV,2200,N138GA,EWR,ORD,115,898,17,30,2013-07-21 17:00:00
2013,6,5,1236,1230,6,1879,1873,-5,EV,1548,N759BF,JFK,BWI,403,3187,12,30,2013-06-05 12:00:00
2013,10,19,1946,1900,46,2303,2257,65,AS,308,N420GB,LGA,DTW,237,1990,19,0,2013-10-19 19:00:00
2013,6,3,729,715,14,948,934,35,HA,8195,N291BF,EWR,MIA,139,1260,7,15,2013-06-03 07:00:00
2013,2,5,1233,1215,18,1572,1554,30,VX,3491,N716CB,EWR,BQN,219,1644,12,15,2013-02-05 12:00:00
2013,8,4,922,830,92,1143,1051,121,MQ,7700,N230CC,JFK,SEA,141,1079,8,30,2013-08-04 08:00:00
2013,8,24,1311,1330,-19,1822,1841,-29,VX,2009,N330DF,LGA,PHX,311,2897,13,30,2013-08-24 13:00:00
2013,7,13,2181,2130,51,2592,2541,78,FL,9834,N911EE,LGA,SFO,251,2235,21,30,2013-07-13 21:00:00
2013,4,18,500,500,0,1055,1055,22,OO,5067,N808CE,JFK,CLT,355,2701,5,0,2013-04-18 05:00:00
2013,8,7,2170,2130,40,2829,2789,60,UA,8380,N343GE,LGA,FLL,419,3241,21,30,2013-08-07 21:00:00
2013,1,6,1810,1845,-35,2165,2200,-24,EV,1027,N837EE,JFK,CLE,235,1931,18,45,2013-01-06 18:00:00
2013,3,24,1064,1015,49,1415,1366,39,DL,5148,N608CE,JFK,MDW,231,1735,10,15,2013-03-24 10:00:00
2013,9,5,1030,1030,0,1144,1144,21,B6,6720,N677HB,EWR,SNA,74,561,10,30,2013-09-05 10:00:00
2013,10,17,2004,2030,-26,2655,2681,-33,B6,4654,N175CF,EWR,DTW,411,3296,20,30,2013-10-17 20:00:00
2013,9,17,2238,2245,-7,2588,2595,-19,US,4088,N273FF,LGA,BOS,230,2112,22,45,2013-09-17 22:00:00
2013,6,26,1928,1900,28,2074,2046,51,DL,9227,N377DB,EWR,CLE,106,872,19,0,2013-06-26 19:00:00
2013,2,11,2300,2245,55,2923,2868,51,MQ,6334,N640DB,EWR,PHX,383,3522,22,45,2013-02-11 22:00:00
2013,10,26,2195,2200,-5,2725,2730,10,YV,1136,N920FC,EWR,TPA,330,2795,22,0,2013-10-26 22:00:00
2013,5,12,764,715,49,1407,1358,47,HA,1900,N198DB,EWR,DTW,403,3599,7,15,2013-05-12 07:00:00
2013,8,28,1498,1615,-117,2009,2126,-101,HA,2708,N779HF,JFK,STL,311,2836,16,15,2013-08-28 16:00:00
2013,4,21,1958,1915,43,2198,2155,41,US,4072,N270AD,EWR,MSP,160,1474,19,15,2013-04-21 19:00:00
2013,10,26,982,1000,-18,1628,1646,-29,VX,6243,N498AC,EWR,PHX,406,3588,10,0,2013-10-26 10:00:00
2013,4,15,648,600,48,952,904,39,DL,3100,N122FE,JFK,PHX,184,1463,6,0,2013-04-15 06:00:00
2013,7,11,1633,1615,18,1872,1854,22,AA,6782,N166CD,LGA,PHL,159,1292,16,15,2013-07-11 16:00:00
2013,8,17,2030,2000,30,2680,2650,34,B6,6698,N706FA,LGA,MSP,410,3243,20,0,2013-08-17 20:00:00
2013,9,3,940,1000,-60,1142,1202,-58,B6,137,N518AE,LGA,BWI,122,972,10,0,2013-09-03 10:00:00
2013,12,25,1893,1930,-37,2311,2348,-51,DL,5740,N456EA,LGA,IAD,258,1939,19,30,2013-12-25 19:00:00
2013,1,23,1835,1830,5,2252,2247,-9,OO,7618,N803HF,JFK,MIA,257,2354,18,30,2013-01-23 18:00:00
2013,11,12,1297,1315,-18,1632,1650,-10,9E,1996,N499HF,JFK,MSY,215,1960,13,15,2013-11-12 13:00:00
2013,11,11,1233,1200,33,1335,1302,27,UA,2417,N598EB,JFK,SFO,62,489,12,0,2013-11-11 12:00:00
2013,11,2,527,530,-3,1067,1070,-2,OO,2199,N636GA,LGA,CVG,340,2899,5,30,2013-11-02 05:00:00
2013,1,20,1461,1415,46,1685,1639,55,VX,2703,N407BF,LGA,FLL,144,1329,14,15,2013-01-20 14:00:00
2013,3,21,1958,1930,28,2301,2273,54,YV,2754,N317CD,JFK,PHL,223,1674,19,30,2013-03-21 19:00:00
2013,4,23,1851,1830,21,2405,2384,42,F9,9741,N385CD,JFK,DTW,354,2843,18,30,2013-04-23 18:00:00
2013,2,14,1530,1530,0,1679,1679,17,UA,7059,N663HB,JFK,SNA,109,934,15,30,2013-02-14 15:00:00
2013,11,8,1020,945,75,1674,1599,66,UA,3491,N713DF,JFK,DFW,414,3190,9,45,2013-11-08 09:00:00
2013,3,15,1201,1100,101,1411,1310,118,YV,1170,N595HF,JFK,OAK,130,1145,11,0,2013-03-15 11:00:00
2013,2,5,764,745,19,1094,1075,44,AA,3645,N325HD,LGA,PBI,210,1746,7,45,2013-02-05 07:00:00
2013,5,20,1187,1130,57,1330,1273,45,EV,3103,N528FC,LGA,HNL,103,859,11,30,2013-05-20 11:00:00
2013,10,27,1276,1315,-39,1494,1533,-47,DL,8457,N471BE,JFK,DTW,138,1145,13,15,2013-10-27 13:00:00
2013,6,3,746,730,16,1098,1082,35,OO,879,N906DE,JFK,ATL,232,1866,7,30,2013-06-03 07:00:00
2013,10,19,1749,1715,34,2252,2218,21,B6,4538,N514CB,JFK,MCO,303,2749,17,15,2013-10-19 17:00:00
2013,7,17,1960,1900,60,2093,2033,85,UA,2495,N692DB,JFK,DEN,93,847,19,0,2013-07-17 19:00:00
2013,7,20,1182,1200,-18,1309,1327,-31,WN,7050,N879DD,LGA,SFO,87,771,12,0,2013-07-20 12:00:00
2013,5,5,1457,1445,12,1997,1985,30,DL,7486,N274CE,LGA,PHL,340,2724,14,45,2013-05-05 14:00:00
2013,2,12,1142,1115,27,1272,1245,40,DL,1855,N408FC,LGA,OAK,90,804,11,15,2013-02-12 11:00:00
2013,11,20,1248,1245,3,1574,1571,-1,WN,3716,N614FD,EWR,FLL,206,1807,12,45,2013-11-20 12:00:00
2013,4,2,669,615,54,792,738,40,AS,469,N993HB,LGA,BOS,83,737,6,15,2013-04-02 06:00:00
2013,4,23,1216,1245,-29,1372,1401,-35,YV,3464,N538BB,EWR,BOS,116,984,12,45,2013-04-23 12:00:00
2013,12,24,597,630,-33,802,835,-34,WN,2166,N341EE,EWR,OAK,125,969,6,30,2013-12-24 06:00:00
2013,6,15,1823,1800,23,2472,2449,16,HA,2482,N136DE,LGA,LAX,409,3361,18,0,2013-06-15 18:00:00
2013,4,3,1606,1600,6,1756,1750,19,EV,669,N674GA,EWR,PBI,110,879,16,0,2013-04-03 16:00:00
2013,6,14,603,630,-27,1156,1183,-5,WN,5091,N930CE,JFK,SFO,353,3226,6,30,2013-06-14 06:00:00
2013,7,23,1092,1100,-8,1245,1253,0,VX,6699,N719AD,LGA,MDW,113,1047,11,0,2013-07-23 11:00:00
2013,8,18,561,600,-39,691,730,-47,B6,1807,N112HD,JFK,MSY,90,724,6,0,2013-08-18 06:00:00
2013,4,11,1220,1200,20,1629,1609,10,MQ,7934,N644HC,LGA,HNL,249,2007,12,0,2013-04-11 12:00:00
2013,4,19,1374,1315,59,1699,1640,79,VX,5687,N141AB,LGA,SFO,205,1763,13,15,2013-04-19 13:00:00
2013,4,26,1545,1530,15,2193,2178,31,UA,3633,N611DC,JFK,DFW,408,3445,15,30,2013-04-26 15:00:00
2013,9,18,1101,1030,71,1526,1455,62,AA,5274,N808EE,LGA,MSY,265,2195,10,30,2013-09-18 10:00:00
2013,7,14,711,715,-4,1350,1354,14,9E,2086,N702FD,JFK,LAX,399,3264,7,15,2013-07-14 07:00:00
2013,12,21,2157,2130,27,2594,2567,57,OO,2355,N772BB,EWR,STL,277,2459,21,30,2013-12-21 21:00:00
2013,2,27,573,515,58,1024,966,77,UA,9282,N180CC,JFK,MCO,291,2662,5,15,2013-02-27 05:00:00
2013,3,14,1646,1600,46,1975,1929,43,US,1070,N225FA,JFK,BOS,209,1842,16,0,2013-03-14 16:00:00
2013,6,3,1114,1145,-31,1265,1296,-18,DL,3639,N783AC,JFK,ORD,111,909,11,45,2013-06-03 11:00:00
2013,4,1,976,900,76,1496,1420,93,OO,753,N744CE,LGA,CLT,320,2570,9,0,2013-04-01 09:00:00
2013,4,18,667,645,22,1294,1272,51,US,2401,N201BA,EWR,MCO,387,3146,6,45,2013-04-18 06:00:00
2013,12,8,1484,1445,39,1902,1863,32,DL,9601,N200ED,JFK,MDW,258,2322,14,45,2013-12-08 14:00:00
2013,4,7,1981,1915,66,2506,2440,82,UA,8388,N920BF,JFK,HNL,325,2857,19,15,2013-04-07 19:00:00
2013,10,14,500,515,-15,925,940,-21,DL,7617,N903DE,LGA,SNA,265,2242,5,15,2013-10-14 05:00:00
2013,9,16,2096,2115,-19,2719,2738,-11,VX,2165,N873AD,JFK,STL,383,3362,21,15,2013-09-16 21:00:00
2013,11,19,1825,1900,-75,2241,2316,-56,AA,2802,N738AD,EWR,MCO,256,1978,19,0,2013-11-19 19:00:00
2013,2,6,1506,1515,-9,1856,1865,-6,MQ,8569,N926HE,EWR,DFW,230,2098,15,15,2013-02-06 15:00:00
2013,10,21,955,915,40,1187,1147,35,F9,4372,N470BF,JFK,MIA,152,1279,9,15,2013-10-21 09:00:00
2013,12,9,1487,1445,42,1628,1586,41,F9,6335,N625BF,JFK,CVG,101,845,14,45,2013-12-09 14:00:00
2013,8,25,1949,1915,34,2463,2429,44,OO,3476,N437GA,LGA,FLL,314,2895,19,15,2013-08-25 19:00:00
2013,3,7,1224,1200,24,1269,1245,48,EV,648,N100HF,LGA,MIA,45,388,12,0,2013-03-07 12:00:00
2013,1,26,1724,1700,24,2259,2235,53,AA,8904,N440FD,JFK,MCO,335,2943,17,0,2013-01-26 17:00:00
2013,11,21,1456,1445,11,2084,2073,33,AS,4299,N287CE,EWR,STL,388,3338,14,45,2013-11-21 14:00:00
2013,5,25,618,530,88,1220,1132,88,YV,4735,N698AF,LGA,CVG,362,2732,5,30,2013-05-25 05:00:00
2013,4,25,1054,1030,24,1563,1539,35,DL,1503,N767DC,LGA,MIA,309,2681,10,30,2013-04-25 10:00:00
2013,8,12,603,645,-42,1206,1248,-49,9E,160,N714GD,JFK,ATL,363,3168,6,45,2013-08-12 06:00:00
2013,4,26,1749,1730,19,2183,2164,40,HA,3343,N963EB,JFK,PBI,274,2312,17,30,2013-04-26 17:00:00
2013,2,18,1939,1915,24,1986,1962,54,UA,6866,N640AC,JFK,SJU,47,440,19,15,2013-02-18 19:00:00
2013,5,21,1469,1415,54,2117,2063,55,US,581,N833CA,JFK,DTW,408,3463,14,15,2013-05-21 14:00:00
2013,9,10,1771,1700,71,2126,2055,88,US,5682,N636HE,JFK,CLT,235,2183,17,0,2013-09-10 17:00:00
2013,2,10,1542,1500,42,1743,1701,57,F9,8103,N133FD,JFK,ATL,121,975,15,0,2013-02-10 15:00:00
2013,4,22,1719,1645,74,2060,1986,62,VX,987,N258HD,JFK,DFW,221,1660,16,45,2013-04-22 16:00:00
2013,7,19,1916,1915,1,1965,1964,23,US,7402,N165BA,EWR,ATL,49,415,19,15,2013-07-19 19:00:00
2013,6,11,1802,1815,-13,2305,2318,-27,OO,5224,N891GB,LGA,MCO,303,2311,18,15,2013-06-11 18:00:00
2013,6,27,1728,1700,28,1861,1833,16,9E,6777,N722CD,JFK,MKE,93,803,17,0,2013-06-27 17:00:00
2013,10,8,1688,1700,-12,2110,2122,0,F9,3871,N722CE,EWR,RDU,262,2474,17,0,2013-10-08 17:00:00
2013,5,21,1229,1145,84,1383,1299,106,VX,7926,N416FD,JFK,CVG,114,1012,11,45,2013-05-21 11:00:00
2013,4,7,1362,1430,-68,1694,1762,-83,YV,1755,N966GD,LGA,ATL,212,1737,14,30,2013-04-07 14:00:00
2013,4,6,1796,1815,-19,2139,2158,-8,DL,2540,N652EA,EWR,CLE,223,1854,18,15,2013-04-06 18:00:00
2013,7,25,1486,1500,-14,2031,2045,3,AA,6732,N653BA,EWR,ORD,345,2798,15,0,2013-07-25 15:00:00
2013,2,1,1977,2015,-38,2304,2342,-21,WN,6409,N449BE,JFK,ATL,207,1725,20,15,2013-02-01 20:00:00
2013,2,16,1900,2015,-115,2341,2456,-106,MQ,3457,N685CE,LGA,SFO,281,2163,20,15,2013-02-16 20:00:00
2013,5,18,1029,1045,-16,1682,1698,-16,9E,3054,N932EF,LGA,ORD,413,3392,10,45,2013-05-18 10:00:00
2013,11,18,1951,1945,6,2264,2258,5,9E,3177,N358CF,LGA,SJU,193,1603,19,45,2013-11-18 19:00:00
2013,12,23,1944,1915,29,2378,2349,31,US,4790,N303HA,JFK,MCO,274,2399,19,15,2013-12-23 19:00:00
2013,11,25,1682,1700,-18,2006,2024,12,F9,5106,N392DE,JFK,HNL,204,1573,17,0,2013-11-25 17:00:00
2013,6,11,579,645,-66,1209,1275,-69,MQ,4588,N782EE,JFK,TPA,390,3421,6,45,2013-06-11 06:00:00
2013,10,21,2052,2100,-48,2396,2444,-38,WN,1420,N593BF,EWR,CLE,224,1924,21,0,2013-10-21 21:00:00
2013,7,11,1652,1645,7,1779,1772,9,MQ,7550,N349HF,EWR,DFW,87,766,16,45,2013-07-11 16:00:00
2013,3,6,752,845,-93,910,1003,-71,AS,2485,N855AE,JFK,TPA,118,1014,8,45,2013-03-06 08:00:00
2013,11,27,507,515,-8,553,561,4,AS,9392,N473FA,EWR,OAK,46,389,5,15,2013-11-27 05:00:00
2013,1,14,1111,1115,-4,1269,1273,24,YV,9677,N859GD,LGA,MCO,118,1114,11,15,2013-01-14 11:00:00
2013,4,19,1360,1345,15,1810,1795,13,9E,2184,N445AB,LGA,MKE,290,2474,13,45,2013-04-19 13:00:00
2013,6,5,1747,1700,47,1978,1931,35,OO,2777,N202GC,JFK,SFO,151,1231,17,0,2013-06-05 17:00:00
2013,4,15,2057,2145,-88,2212,2300,-97,YV,4217,N558CC,LGA,BWI,115,1020,21,45,2013-04-15 21:00:00
2013,12,18,2028,2030,-2,2534,2536,25,B6,1740,N848AF,EWR,HNL,306,2733,20,30,2013-12-18 20:00:00
2013,10,16,692,700,-8,803,811,-9,B6,3369,N465AE,LGA,DEN,71,582,7,0,2013-10-16 07:00:00
2013,10,27,1144,1145,-1,1793,1794,-13,MQ,4909,N680AF,JFK,CVG,409,3521,11,45,2013-10-27 11:00:00
2013,2,9,1035,1100,-65,1577,1642,-80,MQ,6554,N509CC,EWR,OAK,342,2983,11,0,2013-02-09 11:00:00
2013,10,11,1045,1000,45,1650,1605,46,DL,5442,N912GE,JFK,CLE,365,3056,10,0,2013-10-11 10:00:00
2013,3,18,1044,1000,44,1293,1249,57,MQ,286,N661CF,JFK,OAK,169,1566,10,0,2013-03-18 10:00:00
2013,4,18,729,630,99,1057,958,126,EV,113,N175BF,JFK,MSP,208,1957,6,30,2013-04-18 06:00:00
2013,9,11,1293,1315,-22,1421,1443,-30,UA,2701,N375FB,EWR,PHL,88,720,13,15,2013-09-11 13:00:00
2013,4,3,2056,2030,26,2612,2586,42,F9,2417,N787AF,EWR,IAD,356,3312,20,30,2013-04-03 20:00:00
2013,3,28,1746,1730,16,2304,2288,39,AA,2430,N421DB,LGA,SNA,358,2880,17,30,2013-03-28 17:00:00
2013,4,8,753,730,23,992,969,47,UA,4474,N223FA,LGA,MSP,159,1289,7,30,2013-04-08 07:00:00
2013,5,2,1126,1145,-19,1226,1245,-25,EV,4303,N724CD,EWR,RDU,60,487,11,45,2013-05-02 11:00:00
2013,5,8,2246,2215,31,2889,2858,32,FL,4909,N871DC,LGA,MCO,403,3239,22,15,2013-05-08 22:00:00
2013,7,24,2082,2030,52,2640,2588,49,UA,3463,N753FF,JFK,CLE,358,3000,20,30,2013-07-24 20:00:00
2013,6,10,1396,1400,-4,2019,2023,-7,F9,737,N175CE,JFK,MKE,383,3574,14,0,2013-06-10 14:00:00
2013,3,9,444,500,-56,802,858,-67,WN,7161,N748DD,LGA,ORD,238,2033,5,0,2013-03-09 05:00:00
2013,4,27,1371,1415,-44,1622,1666,-58,AS,8231,N963HF,LGA,LAX,171,1365,14,15,2013-04-27 14:00:00
2013,8,13,1022,1015,7,1263,1256,34,B6,2608,N618FD,JFK,MIA,161,1354,10,15,2013-08-13 10:00:00
2013,6,22,851,830,21,1098,1077,8,B6,3557,N334BC,EWR,OAK,167,1417,8,30,2013-06-22 08:00:00
2013,9,6,530,530,0,849,849,4,FL,9555,N765HD,EWR,DEN,199,1852,5,30,2013-09-06 05:00:00
2013,10,13,2115,2130,-15,2368,2383,-9,AS,6526,N252GF,JFK,DFW,173,1404,21,30,2013-10-13 21:00:00
2013,1,18,1830,1815,15,2453,2438,2,AS,8785,N503CF,LGA,CLT,383,2963,18,15,2013-01-18 18:00:00
2013,6,20,1325,1300,25,1568,1543,29,VX,4462,N866HC,LGA,DTW,163,1291,13,0,2013-06-20 13:00:00
2013,5,17,1798,1730,68,1854,1786,60,YV,431,N605EC,EWR,MDW,56,467,17,30,2013-05-17 17:00:00
2013,8,5,1345,1345,0,1556,1556,17,VX,5731,N617GC,LGA,BOS,131,1214,13,45,2013-08-05 13:00:00
2013,8,23,971,900,71,1376,1305,84,HA,5344,N866GA,JFK,BOS,245,2250,9,0,2013-08-23 09:00:00
2013,10,25,2270,2245,25,2587,2562,26,B6,6561,N392GB,EWR,DFW,197,1714,22,45,2013-10-25 22:00:00
2013,10,17,1862,1845,17,2012,1995,39,YV,9611,N794HD,EWR,STL,110,987,18,45,2013-10-17 18:00:00
2013,8,4,836,845,-9,1090,1099,15,F9,7902,N998DA,LGA,CLE,174,1621,8,45,2013-08-04 08:00:00
2013,8,7,2245,2245,0,2865,2865,17,UA,9429,N611HF,EWR,STL,380,3145,22,45,2013-08-07 22:00:00
2013,3,13,1998,1930,68,2237,2169,84,F9,7758,N679EF,JFK,TPA,159,1236,19,30,2013-03-13 19:00:00
2013,2,8,1697,1630,67,2311,2244,95,VX,1679,N783GE,LGA,ATL,374,3322,16,30,2013-02-08 16:00:00
2013,6,24,613,600,13,1270,1257,43,AS,5050,N313EB,JFK,SJU,417,3515,6,0,2013-06-24 06:00:00
2013,12,21,973,945,28,1501,1473,47,MQ,9184,N150AE,JFK,MSP,328,2618,9,45,2013-12-21 09:00:00
2013,8,25,1805,1745,60,2440,2380,46,DL,2336,N768BF,JFK,BOS,395,3478,17,45,2013-08-25 17:00:00
2013,8,17,1320,1345,-25,1523,1548,-4,HA,8048,N893HB,LGA,OAK,123,1091,13,45,2013-08-17 13:00:00
2013,8,10,1196,1200,-4,1639,1643,17,US,1856,N782BD,JFK,ORD,283,2490,12,0,2013-08-10 12:00:00
2013,7,19,522,530,-8,627,635,4,FL,5424,N871CC,JFK,PBI,65,503,5,30,2013-07-19 05:00:00
2013,2,20,773,730,43,1085,1042,55,VX,9151,N489FA,LGA,BOS,192,1619,7,30,2013-02-20 07:00:00
2013,11,28,1518,1545,-27,1925,1952,-21,MQ,9654,N217DA,JFK,DTW,247,1905,15,45,2013-11-28 15:00:00
2013,8,20,1289,1345,-56,1615,1671,-53,YV,7996,N201HA,LGA,ATL,206,1635,13,45,2013-08-20 13:00:00
2013,8,15,879,815,64,1025,961,64,WN,8320,N514HE,JFK,MSY,106,862,8,15,2013-08-15 08:00:00
2013,6,17,1670,1630,40,2129,2089,30,AA,8181,N224AD,LGA,MDW,299,2386,16,30,2013-06-17 16:00:00
2013,10,16,2000,2000,0,2104,2104,-10,YV,2275,N614FA,LGA,BOS,64,569,20,0,2013-10-16 20:00:00
2013,8,16,2103,2130,-27,2736,2763,-1,MQ,9691,N645GB,EWR,HNL,393,3603,21,30,2013-08-16 21:00:00
2013,1,13,1097,1115,-18,1555,1573,11,US,357,N787DA,JFK,MCO,298,2734,11,15,2013-01-13 11:00:00
2013,12,18,1037,1130,-93,1667,1760,-88,DL,6478,N726CA,EWR,HNL,390,3666,11,30,2013-12-18 11:00:00
2013,4,1,1657,1645,12,1761,1749,25,F9,339,N933BE,JFK,BWI,64,586,16,45,2013-04-01 16:00:00
2013,1,27,1874,1800,74,2175,2101,100,HA,1888,N970BE,LGA,STL,181,1471,18,0,2013-01-27 18:00:00
2013,5,28,821,845,-24,942,966,-16,US,8486,N194BD,EWR,PBI,81,688,8,45,2013-05-28 08:00:00
2013,11,28,733,645,88,1247,1159,73,US,7720,N452ED,EWR,MSP,314,2375,6,45,2013-11-28 06:00:00
2013,10,21,1238,1230,8,1841,1833,3,9E,4176,N455FA,EWR,FLL,363,3354,12,30,2013-10-21 12:00:00
2013,7,7,519,530,-11,838,849,-12,YV,4119,N766FD,JFK,FLL,199,1549,5,30,2013-07-07 05:00:00
2013,6,28,823,815,8,1440,1432,-7,WN,137,N121BD,JFK,PHX,377,3310,8,15,2013-06-28 08:00:00
2013,3,2,1552,1530,22,1681,1659,27,AA,1304,N205HD,EWR,SJU,89,805,15,30,2013-03-02 15:00:00
2013,3,27,937,1015,-78,1339,1417,-54,WN,2865,N964AB,EWR,ORD,242,2017,10,15,2013-03-27 10:00:00
2013,11,1,1297,1300,-3,1629,1632,21,B6,5416,N960CF,LGA,ORD,212,1907,13,0,2013-11-01 13:00:00
2013,10,20,1796,1845,-49,2132,2181,-32,WN,3156,N281GC,EWR,CLT,216,1710,18,45,2013-10-20 18:00:00
2013,1,24,2269,2215,54,2392,2338,73,OO,9902,N654CC,JFK,SNA,83,665,22,15,2013-01-24 22:00:00
2013,6,9,1101,1100,1,1544,1543,23,DL,7752,N366EB,LGA,MIA,283,2295,11,0,2013-06-09 11:00:00
2013,1,11,1303,1315,-12,1619,1631,10,UA,7332,N500CD,EWR,OAK,196,1806,13,15,2013-01-11 13:00:00
2013,12,27,588,615,-27,1003,1030,-42,EV,2693,N596FC,JFK,BQN,255,2180,6,15,2013-12-27 06:00:00
2013,7,8,2000,2030,-30,2141,2171,-23,FL,5765,N576EB,JFK,ORD,101,875,20,30,2013-07-08 20:00:00
2013,7,24,1951,1930,21,2168,2147,33,VX,5930,N661FB,JFK,OAK,137,1165,19,30,2013-07-24 19:00:00
2013,7,8,432,500,-68,565,633,-43,YV,1014,N892DE,LGA,DEN,93,706,5,0,2013-07-08 05:00:00
2013,8,26,1265,1245,20,1593,1573,46,EV,5230,N737GF,EWR,PHX,208,1694,12,45,2013-08-26 12:00:00
2013,3,9,842,800,42,1251,1209,38,OO,1000,N296GC,LGA,HNL,249,2167,8,0,2013-03-09 08:00:00
2013,6,27,2007,2045,-38,2416,2454,-31,9E,2166,N522GD,JFK,PBI,249,1905,20,45,2013-06-27 20:00:00
2013,11,2,1029,1045,-16,1537,1553,-28,OO,1894,N214AD,EWR,SFO,308,2597,10,45,2013-11-02 10:00:00
2013,8,13,1520,1515,5,2159,2154,30,MQ,2985,N443CA,JFK,SJU,399,3039,15,15,2013-08-13 15:00:00
2013,11,6,922,845,77,1354,1277,78,VX,2031,N723ED,EWR,MCO,272,2478,8,45,2013-11-06 08:00:00
2013,7,2,1794,1845,-51,2049,2100,-54,US,245,N647HC,EWR,MSY,175,1540,18,45,2013-07-02 18:00:00
2013,7,24,1466,1400,66,1971,1905,57,F9,8512,N946EF,EWR,CVG,305,2323,14,0,2013-07-24 14:00:00
2013,5,26,1993,2000,-7,2643,2650,-20,AA,4240,N282HC,LGA,PBI,410,3145,20,0,2013-05-26 20:00:00
2013,1,17,1970,2030,-60,2603,2663,-63,EV,739,N436FF,JFK,CVG,393,2967,20,30,2013-01-17 20:00:00
2013,9,27,1435,1445,-10,1594,1604,-16,MQ,9560,N978EC,JFK,RDU,119,1092,14,45,2013-09-27 14:00:00
2013,2,15,1146,1145,1,1278,1277,28,9E,135,N353EB,LGA,PHX,92,751,11,45,2013-02-15 11:00:00
2013,12,4,1168,1100,68,1369,1301,82,WN,373,N400EE,JFK,ATL,121,1080,11,0,2013-12-04 11:00:00
2013,6,2,1371,1345,26,1888,1862,25,YV,2015,N488BC,LGA,CVG,317,2472,13,45,2013-06-02 13:00:00
2013,6,27,2141,2145,-4,2267,2271,-5,VX,9921,N263EF,LGA,RDU,86,790,21,45,2013-06-27 21:00:00
2013,7,21,674,645,29,877,848,29,AA,7175,N654GB,JFK,HNL,123,981,6,45,2013-07-21 06:00:00
2013,5,21,1051,1045,6,1583,1577,5,DL,6756,N805ED,JFK,MIA,332,3051,10,45,2013-05-21 10:00:00
2013,6,13,845,845,0,1503,1503,10,US,1110,N293HB,LGA,CLE,418,3174,8,45,2013-06-13 08:00:00
2013,11,22,2031,2015,16,2335,2319,9,AS,2085,N187FD,EWR,SNA,184,1425,20,15,2013-11-22 20:00:00
2013,12,16,933,915,18,1582,1564,46,MQ,2205,N635EA,LGA,BQN,409,3164,9,15,2013-12-16 09:00:00
2013,1,28,1538,1545,-7,1875,1882,22,UA,8365,N585BD,JFK,IAD,217,1869,15,45,2013-01-28 15:00:00
2013,7,10,1605,1630,-25,2217,2242,-19,DL,7443,N428DF,LGA,HNL,372,2970,16,30,2013-07-10 16:00:00
2013,1,20,1171,1145,26,1721,1695,29,OO,1995,N855EF,JFK,DTW,350,2638,11,45,2013-01-20 11:00:00
2013,12,11,504,530,-26,1119,1145,-34,EV,2112,N538CA,EWR,TPA,375,2907,5,30,2013-12-11 05:00:00
2013,5,14,1766,1715,51,2013,1962,47,AA,3210,N734EB,LGA,CLT,167,1393,17,15,2013-05-14 17:00:00
2013,4,2,1264,1330,-66,1920,1986,-69,FL,2352,N463FA,EWR,STL,416,3187,13,30,2013-04-02 13:00:00
2013,11,7,506,545,-39,551,590,-27,YV,3529,N581HE,EWR,IAD,45,423,5,45,2013-11-07 05:00:00
2013,7,1,1501,1500,1,1851,1850,15,MQ,7079,N441EE,LGA,SJU,230,2066,15,0,2013-07-01 15:00:00
2013,11,26,780,800,-20,1317,1337,-28,AS,8207,N364ED,EWR,SFO,337,2977,8,0,2013-11-26 08:00:00
2013,1,5,1826,1815,11,2056,2045,5,HA,2779,N137HE,JFK,HNL,150,1231,18,15,2013-01-05 18:00:00
2013,4,6,1950,1900,50,2286,2236,49,US,6585,N710HD,JFK,RDU,216,1792,19,0,2013-04-06 19:00:00
2013,2,26,1064,1030,34,1399,1365,35,FL,1456,N473GE,JFK,MSY,215,1716,10,30,2013-02-26 10:00:00
2013,4,7,1151,1115,36,1788,1752,49,EV,5751,N360AD,EWR,DTW,397,3354,11,15,2013-04-07 11:00:00
2013,3,23,510,545,-35,767,802,-37,WN,4314,N378BF,JFK,PBI,177,1524,5,45,2013-03-23 05:00:00
2013,3,5,903,945,-42,1103,1145,-57,EV,6984,N354AF,EWR,DEN,120,1045,9,45,2013-03-05 09:00:00
2013,12,16,1558,1530,28,2009,1981,56,EV,8377,N206EF,LGA,DFW,291,2345,15,30,2013-12-16 15:00:00
2013,5,19,1727,1700,27,1932,1905,49,EV,5995,N282GA,LGA,HNL,125,1124,17,0,2013-05-19 17:00:00
2013,12,16,792,830,-38,907,945,-30,FL,5441,N845GF,LGA,FLL,75,661,8,30,2013-12-16 08:00:00
2013,5,8,2201,2245,-44,2329,2373,-42,US,2583,N173BF,EWR,FLL,88,666,22,45,2013-05-08 22:00:00
2013,4,23,732,815,-83,1254,1337,-54,AS,5445,N283GC,LGA,MSY,322,2978,8,15,2013-04-23 08:00:00
2013,4,9,1802,1715,87,2305,2218,114,EV,5468,N514CF,LGA,DFW,303,2537,17,15,2013-04-09 17:00:00
2013,8,19,958,930,28,1381,1353,53,FL,8785,N396EA,JFK,LAX,263,2201,9,30,2013-08-19 09:00:00
2013,1,26,1958,1945,13,2577,2564,36,DL,4689,N814HD,EWR,CLT,379,2994,19,45,2013-01-26 19:00:00
2013,8,17,1369,1415,-46,1813,1859,-25,AS,7137,N240BD,LGA,CLT,284,2545,14,15,2013-08-17 14:00:00
2013,3,11,1148,1115,33,1582,1549,40,AA,411,N330AE,JFK,TPA,274,2250,11,15,2013-03-11 11:00:00
2013,7,21,1282,1300,-18,1438,1456,-27,FL,1834,N782AD,LGA,PHL,116,896,13,0,2013-07-21 13:00:00
2013,2,6,1048,1000,48,1579,1531,77,MQ,4362,N261DA,LGA,CVG,331,2982,10,0,2013-02-06 10:00:00
2013,7,6,1950,1915,35,2093,2058,51,EV,1385,N307GA,EWR,CLE,103,964,19,15,2013-07-06 19:00:00
2013,5,27,713,600,113,1028,915,104,EV,487,N458FE,JFK,ORD,195,1593,6,0,2013-05-27 06:00:00
2013,8,14,941,900,41,1061,1020,33,UA,9161,N609EA,EWR,OAK,80,605,9,0,2013-08-14 09:00:00
2013,9,7,1779,1745,34,2418,2384,54,F9,7448,N179CB,JFK,BWI,399,3559,17,45,2013-09-07 17:00:00
2013,12,16,765,745,20,1116,1096,16,F9,3274,N583CE,EWR,DEN,231,1889,7,45,2013-12-16 07:00:00
2013,7,24,1424,1500,-76,2030,2106,-60,OO,797,N513CF,LGA,DFW,366,3189,15,0,2013-07-24 15:00:00
2013,10,15,765,745,20,883,863,47,HA,9621,N913BA,LGA,CLT,78,649,7,45,2013-10-15 07:00:00
2013,1,25,2004,1915,89,2408,2319,100,WN,2658,N421AE,LGA,ORD,244,2161,19,15,2013-01-25 19:00:00
2013,8,28,826,900,-74,1055,1129,-75,9E,8866,N562HF,EWR,MKE,149,1215,9,0,2013-08-28 09:00:00
2013,12,16,1382,1315,67,1903,1836,80,HA,2371,N698BA,JFK,MCO,321,2816,13,15,2013-12-16 13:00:00
2013,5,1,2063,2045,18,2598,2580,13,9E,198,N631BF,LGA,CLT,335,2654,20,45,2013-05-01 20:00:00
2013,5,7,1318,1215,103,1462,1359,114,B6,3897,N814FA,JFK,ORD,104,940,12,15,2013-05-07 12:00:00
2013,12,12,1757,1745,12,2179,2167,15,VX,277,N348EF,EWR,MSY,262,2454,17,45,2013-12-12 17:00:00
2013,4,22,1761,1730,31,2007,1976,20,EV,553,N579CA,LGA,TPA,166,1559,17,30,2013-04-22 17:00:00
2013,3,1,1410,1345,65,1739,1674,52,F9,4173,N551CE,EWR,HNL,209,1788,13,45,2013-03-01 13:00:00
2013,9,15,996,1000,-4,1555,1559,21,AA,9610,N872CD,EWR,SNA,359,3188,10,0,2013-09-15 10:00:00
2013,9,12,2207,2115,92,2435,2343,100,B6,439,N258FB,JFK,MKE,148,1252,21,15,2013-09-12 21:00:00
2013,7,19,1267,1215,52,1693,1641,74,WN,3834,N117GD,JFK,SFO,266,2005,12,15,2013-07-19 12:00:00
2013,11,26,1775,1730,45,2225,2180,39,HA,7973,N188CD,EWR,ORD,290,2562,17,30,2013-11-26 17:00:00
2013,12,25,1110,1100,10,1524,1514,36,US,9307,N943AE,JFK,SEA,254,2369,11,0,2013-12-25 11:00:00
2013,10,4,1002,1015,-13,1120,1133,-26,B6,4256,N587EE,LGA,BQN,78,679,10,15,2013-10-04 10:00:00
2013,3,26,1067,1030,37,1472,1435,43,F9,4087,N747CA,EWR,CLE,245,2119,10,30,2013-03-26 10:00:00
2013,1,20,2230,2215,15,2487,2472,28,YV,8814,N282BF,EWR,CLT,177,1485,22,15,2013-01-20 22:00:00
2013,4,17,1891,1815,76,2304,2228,86,FL,8486,N769BE,LGA,DEN,253,1967,18,15,2013-04-17 18:00:00
2013,7,11,1563,1600,-37,1789,1826,-31,B6,1689,N257HA,LGA,PBI,146,1156,16,0,2013-07-11 16:00:00
2013,9,23,1419,1445,-26,1546,1572,-7,HA,2595,N191DA,EWR,MSY,87,696,14,45,2013-09-23 14:00:00
2013,12,5,831,845,-14,1273,1287,-3,HA,8505,N214DA,EWR,ATL,282,2297,8,45,2013-12-05 08:00:00
2013,12,4,1041,1045,-4,1595,1599,16,MQ,2181,N863BC,LGA,DEN,354,3073,10,45,2013-12-04 10:00:00
2013,8,10,695,700,-5,809,814,-19,VX,1015,N568EA,LGA,IAD,74,565,7,0,2013-08-10 07:00:00
2013,4,22,1612,1600,12,1859,1847,20,US,5208,N991DE,EWR,SNA,167,1497,16,0,2013-04-22 16:00:00
2013,10,20,773,730,43,1232,1189,62,EV,4015,N259GF,EWR,MIA,299,2351,7,30,2013-10-20 07:00:00
2013,2,3,1932,1915,17,2060,2043,41,UA,9491,N909GE,JFK,MDW,88,702,19,15,2013-02-03 19:00:00
2013,8,12,1030,1030,0,1247,1247,3,YV,1866,N325AA,EWR,CLE,137,1124,10,30,2013-08-12 10:00:00
2013,3,23,1340,1300,40,1872,1832,70,EV,2882,N677GA,LGA,MIA,332,2830,13,0,2013-03-23 13:00:00
2013,1,20,883,845,38,1199,1161,32,AS,9323,N130GC,JFK,DTW,196,1692,8,45,2013-01-20 08:00:00
2013,7,4,871,915,-44,1113,1157,-26,B6,6334,N110FE,EWR,MIA,162,1393,9,15,2013-07-04 09:00:00
2013,3,14,1954,1930,24,2393,2369,40,US,8964,N895CB,EWR,IAD,279,2195,19,30,2013-03-14 19:00:00
2013,6,12,1232,1230,2,1480,1478,10,YV,3719,N907DD,JFK,RDU,168,1345,12,30,2013-06-12 12:00:00
2013,9,16,1658,1645,13,1796,1783,20,VX,928,N882HB,EWR,SJU,98,736,16,45,2013-09-16 16:00:00
2013,3,5,1048,1000,48,1472,1424,48,9E,9803,N648FD,LGA,RDU,264,2303,10,0,2013-03-05 10:00:00
2013,3,21,1859,1830,29,2512,2483,39,B6,5861,N789AC,EWR,MSY,413,3103,18,30,2013-03-21 18:00:00
2013,6,12,1217,1230,-13,1741,1754,-27,WN,4181,N427GE,LGA,STL,324,2451,12,30,2013-06-12 12:00:00
2013,10,17,945,945,0,1274,1274,-9,HA,7790,N119DD,LGA,PBI,209,1761,9,45,2013-10-17 09:00:00
2013,6,4,508,545,-37,1133,1170,-25,DL,9534,N375GA,EWR,TPA,385,3380,5,45,2013-06-04 05:00:00
2013,6,9,977,930,47,1677,1630,76,OO,6032,N406DC,JFK,BWI,420,3389,9,30,2013-06-09 09:00:00
2013,12,8,989,930,59,1035,976,75,YV,7271,N755BF,JFK,BQN,46,395,9,30,2013-12-08 09:00:00
2013,4,27,1723,1700,23,1943,1920,37,WN,5719,N178CE,EWR,HNL,140,1120,17,0,2013-04-27 17:00:00
2013,11,6,2061,2030,31,2595,2564,53,US,5286,N156AD,LGA,TPA,334,2756,20,30,2013-11-06 20:00:00
2013,4,1,1058,1100,-42,1276,1318,-13,FL,4615,N390HA,JFK,BQN,138,1148,11,0,2013-04-01 11:00:00
2013,1,11,2173,2145,28,2617,2589,30,EV,787,N431AA,JFK,FLL,284,2386,21,45,2013-01-11 21:00:00
2013,5,9,1231,1245,-14,1666,1680,14,F9,1383,N660FA,JFK,DEN,275,2355,12,45,2013-05-09 12:00:00
2013,6,19,2032,2030,2,2658,2656,22,EV,1548,N801GD,EWR,MSY,386,3413,20,30,2013-06-19 20:00:00
2013,10,10,1146,1145,1,1205,1204,21,WN,3062,N676FA,LGA,MCO,59,475,11,45,2013-10-10 11:00:00
2013,9,6,1532,1530,2,1860,1858,1,AA,2377,N296GE,JFK,STL,208,1752,15,30,2013-09-06 15:00:00
2013,6,19,1647,1645,2,1853,1851,1,B6,9047,N541AF,EWR,TPA,126,1130,16,45,2013-06-19 16:00:00
2013,9,10,828,845,-17,1074,1091,-26,F9,669,N727CA,LGA,PBI,166,1423,8,45,2013-09-10 08:00:00
2013,1,3,1301,1330,-29,1358,1387,-20,US,8261,N650CB,JFK,BQN,57,519,13,30,2013-01-03 13:00:00
2013,5,16,790,830,-40,1248,1288,-20,WN,6311,N558CF,JFK,MKE,298,2760,8,30,2013-05-16 08:00:00
2013,8,25,970,945,25,1598,1573,38,HA,5674,N557BC,LGA,SJU,388,3058,9,45,2013-08-25 09:00:00
2013,12,6,2015,2015,0,2229,2229,4,FL,109,N231FE,JFK,FLL,134,1105,20,15,2013-12-06 20:00:00
2013,6,28,998,1000,-2,1104,1106,25,B6,2930,N247CE,EWR,SNA,66,505,10,0,2013-06-28 10:00:00
2013,7,14,2031,2045,-14,2463,2477,-15,AA,1091,N321GE,EWR,PHX,272,2560,20,45,2013-07-14 20:00:00
2013,11,21,1880,1915,-35,2221,2256,-23,MQ,2211,N688DD,EWR,MDW,221,1704,19,15,2013-11-21 19:00:00
2013,5,15,1823,1800,23,2472,2449,30,VX,1262,N226FF,JFK,BQN,409,3841,18,0,2013-05-15 18:00:00
2013,9,7,709,745,-36,861,897,-11,MQ,2194,N319EA,EWR,RDU,112,905,7,45,2013-09-07 07:00:00
2013,2,27,2264,2245,19,2701,2682,36,UA,2570,N192DC,LGA,HNL,277,2099,22,45,2013-02-27 22:00:00
2013,12,21,1235,1230,5,1542,1537,9,VX,2097,N397AA,JFK,PHL,187,1450,12,30,2013-12-21 12:00:00
2013,10,3,1275,1315,-40,1807,1847,-15,F9,2728,N626CA,LGA,SNA,332,2692,13,15,2013-10-03 13:00:00
2013,3,13,2098,2030,68,2234,2166,83,HA,8244,N656AF,EWR,PBI,96,905,20,30,2013-03-13 20:00:00
2013,7,18,1133,1100,33,1433,1400,33,HA,5822,N352EA,JFK,DEN,180,1649,11,0,2013-07-18 11:00:00
2013,3,21,1420,1430,-10,1745,1755,-3,YV,2470,N870DA,LGA,CVG,205,1569,14,30,2013-03-21 14:00:00
2013,11,23,1049,1030,19,1105,1086,27,B6,1161,N916AA,LGA,TPA,56,469,10,30,2013-11-23 10:00:00
2013,11,3,496,530,-34,549,583,-45,DL,7745,N248DA,JFK,BWI,53,491,5,30,2013-11-03 05:00:00
2013,10,23,1260,1245,15,1618,1603,30,OO,9139,N955CE,LGA,SEA,238,2135,12,45,2013-10-23 12:00:00
2013,6,8,2131,2130,1,2482,2481,-4,AS,9043,N983AC,LGA,CLT,231,1896,21,30,2013-06-08 21:00:00
2013,4,24,812,845,-33,1262,1295,-17,VX,4915,N388FA,LGA,MIA,290,2248,8,45,2013-04-24 08:00:00
2013,5,6,698,730,-32,1134,1166,-37,MQ,1991,N602HF,LGA,PBI,276,2198,7,30,2013-05-06 07:00:00
2013,3,10,913,915,-2,1536,1538,-17,US,3063,N286HD,EWR,DEN,383,3557,9,15,2013-03-10 09:00:00
2013,12,16,1316,1330,-14,1532,1546,1,UA,4487,N121DD,LGA,SNA,136,1113,13,30,2013-12-16 13:00:00
2013,9,13,1458,1500,-42,1973,2015,-26,YV,3405,N453HD,LGA,PHX,315,2743,15,0,2013-09-13 15:00:00
2013,8,25,1344,1300,44,1888,1844,39,UA,3625,N233DE,JFK,LAX,344,3033,13,0,2013-08-25 13:00:00
2013,10,22,1429,1430,-1,1783,1784,4,AS,8227,N680DD,LGA,HNL,234,2020,14,30,2013-10-22 14:00:00
2013,8,4,1319,1330,-11,1831,1842,-14,UA,4272,N690EE,EWR,CLT,312,2528,13,30,2013-08-04 13:00:00
2013,5,5,2016,2000,16,2433,2417,7,AS,7624,N895FC,EWR,BQN,257,1975,20,0,2013-05-05 20:00:00
2013,7,24,1050,1045,5,1688,1683,3,HA,6319,N340FC,JFK,CLE,398,3029,10,45,2013-07-24 10:00:00
2013,8,16,1424,1430,-6,2043,2049,-8,AS,2222,N147FB,EWR,TPA,379,3296,14,30,2013-08-16 14:00:00
2013,12,5,1703,1645,58,2021,1963,54,YV,632,N881BD,LGA,PHX,198,1630,16,45,2013-12-05 16:00:00
2013,7,27,2237,2215,22,2559,2537,18,DL,696,N621GA,JFK,SEA,202,1771,22,15,2013-07-27 22:00:00
2013,12,12,1028,1100,-72,1672,1744,-82,YV,4062,N614EC,JFK,MSY,404,3558,11,0,2013-12-12 11:00:00
2013,12,4,1767,1745,22,2178,2156,31,OO,9230,N104DF,JFK,PHL,251,2239,17,45,2013-12-04 17:00:00
2013,1,12,1099,1045,54,1318,1264,77,YV,6876,N913FB,LGA,DTW,139,1070,10,45,2013-01-12 10:00:00
2013,8,22,829,815,14,1283,1269,23,EV,2980,N482HF,LGA,SNA,294,2771,8,15,2013-08-22 08:00:00
2013,4,25,1338,1315,23,1860,1837,47,UA,1156,N672FF,JFK,ORD,322,2984,13,15,2013-04-25 13:00:00
2013,10,12,2004,2015,-11,2154,2165,-22,B6,4359,N836HE,LGA,FLL,110,937,20,15,2013-10-12 20:00:00
2013,9,10,633,645,-12,933,945,-20,B6,1045,N418FA,LGA,MSY,180,1611,6,45,2013-09-10 06:00:00
2013,6,19,1518,1430,88,1947,1859,92,F9,7224,N229AE,LGA,CVG,269,2198,14,30,2013-06-19 14:00:00
2013,5,24,1418,1445,-27,2047,2074,-13,9E,9460,N696BC,EWR,STL,389,3546,14,45,2013-05-24 14:00:00
2013,7,16,1737,1715,22,2070,2048,28,DL,7178,N400BB,JFK,CVG,213,2005,17,15,2013-07-16 17:00:00
2013,10,14,1652,1700,-48,2152,2200,-23,9E,861,N908BD,JFK,CLT,300,2677,17,0,2013-10-14 17:00:00
2013,6,7,2018,2030,-12,2341,2353,1,F9,4235,N233DA,JFK,SJU,203,1801,20,30,2013-06-07 20:00:00
2013,11,8,2135,2115,20,2686,2666,41,US,393,N257AB,EWR,PHL,351,2940,21,15,2013-11-08 21:00:00
2013,3,2,1470,1445,25,2029,2004,50,OO,1692,N399HB,LGA,CLE,359,3266,14,45,2013-03-02 14:00:00
2013,1,15,735,630,105,947,842,99,AA,7154,N576DE,JFK,CLT,132,1249,6,30,2013-01-15 06:00:00
2013,8,10,1476,1530,-54,1782,1836,-53,AA,4622,N661EE,EWR,ORD,186,1417,15,30,2013-08-10 15:00:00
2013,3,5,1552,1545,7,2196,2189,13,AA,7903,N907DD,EWR,SFO,404,3356,15,45,2013-03-05 15:00:00
2013,2,28,709,745,-36,941,977,-39,YV,6272,N427FC,JFK,ATL,152,1367,7,45,2013-02-28 07:00:00
2013,12,18,1138,1115,23,1465,1442,43,US,7204,N410AD,JFK,SEA,207,1693,11,15,2013-12-18 11:00:00
2013,9,10,1593,1615,-22,1919,1941,-36,9E,7509,N472EF,EWR,HNL,206,1559,16,15,2013-09-10 16:00:00
2013,2,22,2089,2115,-26,2442,2468,-9,MQ,7612,N281CE,LGA,CLE,233,2109,21,15,2013-02-22 21:00:00
2013,8,28,2240,2145,95,2290,2195,81,EV,1245,N130CB,JFK,BOS,50,413,21,45,2013-08-28 21:00:00
2013,12,26,865,845,20,1399,1379,40,9E,7758,N485FB,EWR,MKE,334,2938,8,45,2013-12-26 08:00:00
2013,6,20,791,730,61,1045,984,48,US,6573,N737HD,EWR,CVG,174,1597,7,30,2013-06-20 07:00:00
2013,10,2,774,715,59,1382,1323,85,UA,9979,N876CF,JFK,BOS,368,3291,7,15,2013-10-02 07:00:00
2013,1,22,1165,1200,-35,1696,1731,-47,US,3924,N878HB,EWR,MIA,331,2769,12,0,2013-01-22 12:00:00
2013,6,1,527,500,27,638,611,18,AS,3225,N179BD,JFK,MDW,71,533,5,0,2013-06-01 05:00:00
2013,9,16,868,930,-62,996,1058,-38,B6,5112,N254EE,LGA,CLT,88,767,9,30,2013-09-16 09:00:00
2013,10,20,960,930,30,1009,979,40,MQ,5562,N329DC,LGA,MSP,49,442,9,30,2013-10-20 09:00:00
2013,10,16,1941,1915,26,2397,2371,49,HA,1238,N895FB,LGA,DEN,296,2775,19,15,2013-10-16 19:00:00
2013,4,25,679,700,-21,1225,1246,0,F9,6947,N827ED,LGA,IAD,346,3225,7,0,2013-04-25 07:00:00
2013,4,10,1150,1145,5,1290,1285,1,DL,2295,N556HB,JFK,SNA,100,809,11,45,2013-04-10 11:00:00
2013,1,11,1401,1415,-14,1836,1850,-26,FL,9288,N650GF,EWR,TPA,275,2440,14,15,2013-01-11 14:00:00
2013,4,13,870,845,25,1078,1053,40,OO,8424,N837GF,LGA,DEN,128,1201,8,45,2013-04-13 08:00:00
2013,3,7,2028,2045,-17,2339,2356,-30,F9,1716,N432HB,EWR,STL,191,1467,20,45,2013-03-07 20:00:00
2013,10,27,1227,1230,-3,1530,1533,22,EV,5939,N810BC,LGA,RDU,183,1631,12,30,2013-10-27 12:00:00
2013,10,14,931,945,-14,1582,1596,3,WN,8145,N228EE,LGA,PHL,411,3469,9,45,2013-10-14 09:00:00
2013,1,1,692,730,-38,914,952,-46,F9,6877,N701FB,LGA,TPA,142,1092,7,30,2013-01-01 07:00:00
2013,5,27,1539,1545,-6,2174,2180,-16,US,7929,N300GC,JFK,PHX,395,3233,15,45,2013-05-27 15:00:00
2013,12,7,1970,2000,-30,2193,2223,-22,F9,7633,N232HD,EWR,MDW,143,1141,20,0,2013-12-07 20:00:00
2013,4,10,1380,1330,50,1609,1559,60,MQ,2795,N583AA,EWR,OAK,149,1317,13,30,2013-04-10 13:00:00
2013,5,22,1000,1000,0,1425,1425,23,MQ,8865,N405BA,EWR,BWI,265,2484,10,0,2013-05-22 10:00:00
2013,12,13,426,500,-74,846,920,-60,HA,8388,N553BC,JFK,LAX,260,2032,5,0,2013-12-13 05:00:00
2013,6,2,552,545,7,709,702,11,FL,9234,N331DB,EWR,SJU,117,1080,5,45,2013-06-02 05:00:00
2013,10,10,744,730,14,1350,1336,2,B6,6201,N586AA,LGA,OAK,366,2895,7,30,2013-10-10 07:00:00
2013,7,8,1833,1830,3,2341,2338,13,YV,191,N385EC,LGA,MDW,308,2598,18,30,2013-07-08 18:00:00
2013,1,26,2002,2000,2,2614,2612,30,MQ,153,N935DD,LGA,CVG,372,3143,20,0,2013-01-26 20:00:00
2013,10,21,1435,1430,5,1582,1577,13,WN,1432,N439HD,LGA,DEN,107,913,14,30,2013-10-21 14:00:00
2013,6,19,1009,1015,-6,1550,1556,-12,WN,9769,N835GF,LGA,SFO,341,3104,10,15,2013-06-19 10:00:00
2013,1,28,1007,1015,-8,1210,1218,-15,WN,1633,N220AE,LGA,BQN,123,960,10,15,2013-01-28 10:00:00
2013,3,25,1161,1100,61,1285,1224,90,US,9452,N282FD,JFK,DFW,84,652,11,0,2013-03-25 11:00:00
2013,4,14,1313,1315,-2,1439,1441,2,FL,130,N249EB,LGA,SNA,86,812,13,15,2013-04-14 13:00:00
2013,10,8,695,700,-5,1042,1047,-7,B6,6802,N622AC,JFK,MSP,227,1915,7,0,2013-10-08 07:00:00
2013,6,7,831,800,31,1340,1309,16,9E,7044,N942EE,LGA,CVG,309,2889,8,0,2013-06-07 08:00:00
2013,3,16,1494,1530,-36,2117,2153,-37,AA,3179,N752CD,EWR,IAD,383,3449,15,30,2013-03-16 15:00:00
2013,5,4,1586,1600,-14,2123,2137,-14,DL,7175,N895EB,JFK,IAD,337,2684,16,0,2013-05-04 16:00:00
2013,10,24,1124,1115,9,1444,1435,-1,YV,8799,N693FA,JFK,STL,200,1712,11,15,2013-10-24 11:00:00
2013,4,16,1412,1430,-18,1863,1881,2,B6,7808,N868CF,JFK,DEN,291,2658,14,30,2013-04-16 14:00:00
2013,4,6,616,630,-14,1074,1088,1,9E,9770,N259BD,LGA,OAK,298,2829,6,30,2013-04-06 06:00:00
2013,2,8,1859,1815,44,1981,1937,44,FL,1859,N537BD,EWR,IAD,82,706,18,15,2013-02-08 18:00:00
2013,3,9,1431,1415,16,1690,1674,16,HA,1599,N784DD,JFK,MIA,179,1396,14,15,2013-03-09 14:00:00
2013,4,7,635,630,5,745,740,-5,VX,2436,N150BC,LGA,DTW,70,625,6,30,2013-04-07 06:00:00
2013,12,16,1843,1845,-2,2157,2159,11,9E,6769,N607FD,LGA,TPA,194,1657,18,45,2013-12-16 18:00:00
2013,10,14,1247,1300,-53,1299,1352,-66,US,3049,N841HF,EWR,RDU,52,419,13,0,2013-10-14 13:00:00
2013,10,18,2075,2030,45,2394,2349,42,UA,3395,N668EC,JFK,CLE,199,1790,20,30,2013-10-18 20:00:00
2013,3,24,1532,1515,17,2167,2150,43,US,318,N667FB,JFK,HNL,395,3070,15,15,2013-03-24 15:00:00
2013,2,25,1760,1745,15,2399,2384,24,WN,2184,N136BD,LGA,ATL,399,3249,17,45,2013-02-25 17:00:00
2013,3,1,2132,2115,17,2290,2273,19,B6,4263,N326HA,EWR,SEA,118,901,21,15,2013-03-01 21:00:00
2013,4,27,1209,1215,-6,1424,1430,4,UA,8853,N658EB,EWR,CLE,135,1264,12,15,2013-04-27 12:00:00
2013,3,6,1091,1145,-54,1328,1382,-30,9E,9665,N139DC,EWR,STL,157,1436,11,45,2013-03-06 11:00:00
2013,8,11,652,600,52,1254,1202,71,FL,7249,N482HE,JFK,MDW,362,2862,6,0,2013-08-11 06:00:00
2013,2,8,2095,2015,80,2423,2343,86,YV,8250,N933GD,JFK,OAK,208,1693,20,15,2013-02-08 20:00:00
2013,5,5,894,900,-6,1105,1111,-4,UA,5619,N849CD,LGA,TPA,131,1172,9,0,2013-05-05 09:00:00
2013,7,28,768,800,-32,903,935,-39,WN,2000,N301DA,JFK,TPA,95,763,8,0,2013-07-28 08:00:00
2013,2,9,1151,1130,21,1290,1269,23,B6,8798,N254DC,JFK,IAD,99,791,11,30,2013-02-09 11:00:00
2013,7,26,714,745,-31,1173,1204,-32,OO,4141,N382AF,LGA,SJU,299,2746,7,45,2013-07-26 07:00:00
2013,1,12,1048,1030,18,1207,1189,18,VX,3052,N808CC,LGA,IAD,119,1081,10,30,2013-01-12 10:00:00
2013,5,24,573,645,-72,696,768,-55,OO,1843,N230GF,LGA,PBI,83,724,6,45,2013-05-24 06:00:00
2013,1,10,967,1015,-48,1571,1619,-21,AS,9563,N586DC,JFK,PHX,364,2913,10,15,2013-01-10 10:00:00
2013,1,27,2234,2230,4,2481,2477,-2,F9,9917,N239HF,EWR,MIA,167,1574,22,30,2013-01-27 22:00:00
2013,4,17,819,800,19,936,917,26,YV,209,N396HF,EWR,PHL,77,702,8,0,2013-04-17 08:00:00
2013,1,13,560,545,15,1203,1188,21,US,5573,N630HC,JFK,CVG,403,3528,5,45,2013-01-13 05:00:00
2013,5,11,1119,1045,74,1476,1402,86,VX,4706,N901AC,EWR,SNA,237,2064,10,45,2013-05-11 10:00:00
2013,1,28,1868,1815,53,1984,1931,59,OO,1808,N319HB,JFK,SEA,76,660,18,15,2013-01-28 18:00:00
2013,4,28,1842,1800,42,2463,2421,64,US,8929,N611FA,JFK,OAK,381,3133,18,0,2013-04-28 18:00:00
2013,5,25,501,530,-29,1127,1156,-22,HA,5330,N497GE,EWR,SEA,386,3530,5,30,2013-05-25 05:00:00
2013,12,26,2236,2215,21,2393,2372,47,9E,5359,N437BC,JFK,BQN,117,948,22,15,2013-12-26 22:00:00
2013,5,15,828,830,-2,1130,1132,9,AS,8223,N911AC,JFK,PBI,182,1540,8,30,2013-05-15 08:00:00
2013,1,18,1731,1745,-14,2078,2092,-23,EV,6003,N614ED,LGA,DFW,227,2141,17,45,2013-01-18 17:00:00
2013,6,15,1826,1815,11,2031,2020,40,UA,602,N358GE,EWR,ORD,125,1033,18,15,2013-06-15 18:00:00
2013,10,1,2123,2100,23,2650,2627,31,YV,5151,N256AC,EWR,LAX,327,2492,21,0,2013-10-01 21:00:00
2013,11,22,1061,1115,-54,1476,1530,-53,AS,571,N997FF,LGA,LAX,255,2114,11,15,2013-11-22 11:00:00
2013,9,20,1738,1800,-62,1979,2041,-66,AA,4074,N416CA,EWR,FLL,161,1492,18,0,2013-09-20 18:00:00
2013,7,17,1406,1400,6,2060,2054,27,US,3134,N870BC,LGA,PHL,414,3467,14,0,2013-07-17 14:00:00
2013,4,26,488,500,-12,647,659,16,HA,7200,N549BF,EWR,MIA,119,1106,5,0,2013-04-26 05:00:00
2013,6,20,1815,1815,0,2227,2227,27,AS,9612,N282DE,LGA,FLL,252,2162,18,15,2013-06-20 18:00:00
2013,4,2,2136,2100,36,2364,2328,23,DL,8477,N633CE,LGA,SFO,148,1175,21,0,2013-04-02 21:00:00
2013,9,2,577,500,77,907,830,64,WN,2591,N856DB,EWR,SNA,210,1776,5,0,2013-09-02 05:00:00
2013,7,17,1018,1000,18,1238,1220,12,DL,5824,N690FE,EWR,MSP,140,1190,10,0,2013-07-17 10:00:00
2013,11,25,1016,1045,-29,1352,1381,-16,FL,3922,N733FF,EWR,ATL,216,1880,10,45,2013-11-25 10:00:00
2013,7,1,1843,1900,-57,2362,2419,-71,OO,3337,N146CD,LGA,PHX,319,2901,19,0,2013-07-01 19:00:00
2013,10,18,932,900,32,1170,1138,45,YV,6828,N318DD,JFK,CLE,158,1482,9,0,2013-10-18 09:00:00
2013,5,25,1380,1345,35,1507,1472,46,F9,6029,N286FC,LGA,SNA,87,769,13,45,2013-05-25 13:00:00
2013,10,22,1624,1645,-21,1760,1781,-14,AA,9778,N896BD,JFK,MDW,96,840,16,45,2013-10-22 16:00:00
2013,1,5,1645,1630,15,1966,1951,21,DL,2539,N753AF,LGA,IAD,201,1571,16,30,2013-01-05 16:00:00
2013,10,23,1894,1845,49,2341,2292,42,MQ,6757,N639AB,JFK,MDW,287,2470,18,45,2013-10-23 18:00:00
2013,12,26,930,945,-15,1239,1254,-21,DL,2656,N873GE,JFK,MKE,189,1488,9,45,2013-12-26 09:00:00
2013,5,10,2308,2230,78,2649,2571,99,UA,6595,N629GE,JFK,MKE,221,1850,22,30,2013-05-10 22:00:00
2013,12,1,1433,1330,103,1667,1564,88,MQ,752,N333EE,EWR,BOS,154,1362,13,30,2013-12-01 13:00:00
2013,6,14,813,900,-87,1045,1132,-58,VX,2518,N980BE,JFK,MCO,152,1298,9,0,2013-06-14 09:00:00
2013,5,25,1393,1330,63,1840,1777,79,B6,9903,N284DA,JFK,PHX,287,2457,13,30,2013-05-25 13:00:00
2013,5,26,1497,1500,-3,2120,2123,-14,B6,8528,N696HA,JFK,DEN,383,3630,15,0,2013-05-26 15:00:00
2013,10,24,1855,1815,40,2082,2042,63,9E,5855,N359FF,LGA,MSY,147,1392,18,15,2013-10-24 18:00:00
2013,4,18,1130,1100,30,1567,1537,44,EV,3880,N855BE,LGA,ORD,277,2423,11,0,2013-04-18 11:00:00
2013,1,5,2099,2115,-16,2542,2558,13,F9,5790,N700AB,JFK,ATL,283,2358,21,15,2013-01-05 21:00:00
2013,6,16,621,615,6,1167,1161,15,FL,4901,N143AA,EWR,SFO,346,3176,6,15,2013-06-16 06:00:00
2013,8,19,2056,2015,41,2498,2457,48,DL,1012,N804HD,EWR,DEN,282,2627,20,15,2013-08-19 20:00:00
2013,4,6,1510,1500,10,2059,2049,8,UA,3218,N629BD,LGA,DEN,349,2679,15,0,2013-04-06 15:00:00
2013,7,20,1043,1100,-57,1347,1404,-49,OO,3327,N604CB,LGA,FLL,184,1384,11,0,2013-07-20 11:00:00
2013,10,13,2288,2245,43,2644,2601,61,YV,9466,N756EA,EWR,BWI,236,2197,22,45,2013-10-13 22:00:00
2013,7,3,1694,1615,79,2002,1923,80,FL,6611,N311FA,LGA,MIA,188,1650,16,15,2013-07-03 16:00:00
2013,12,24,526,545,-19,950,969,2,US,1427,N604BA,EWR,BQN,264,2439,5,45,2013-12-24 05:00:00
2013,7,27,1115,1115,0,1556,1556,-1,EV,1609,N492BA,LGA,CLE,281,2173,11,15,2013-07-27 11:00:00
2013,9,23,1221,1145,76,1574,1498,85,F9,7405,N499CE,EWR,MDW,233,1973,11,45,2013-09-23 11:00:00
2013,5,6,1254,1145,109,1796,1687,135,DL,344,N411FA,EWR,PHL,342,2797,11,45,2013-05-06 11:00:00
2013,11,14,1951,1930,21,2359,2338,17,OO,9314,N586BF,JFK,MCO,248,2328,19,30,2013-11-14 19:00:00
2013,2,10,678,730,-52,892,944,-39,EV,5138,N914HE,JFK,BQN,134,1267,7,30,2013-02-10 07:00:00
2013,3,24,1978,2000,-22,2130,2152,-20,9E,688,N359CA,JFK,MSY,112,922,20,0,2013-03-24 20:00:00
2013,7,14,1093,1100,-7,1537,1544,22,OO,3450,N962DF,EWR,LAX,284,2647,11,0,2013-07-14 11:00:00
2013,5,15,1239,1230,9,1290,1281,7,MQ,4006,N986CA,JFK,MSY,51,415,12,30,2013-05-15 12:00:00
2013,2,14,2182,2145,37,2632,2595,62,B6,8889,N640FF,EWR,BQN,290,2192,21,45,2013-02-14 21:00:00
2013,11,26,2059,2015,44,2606,2562,33,9E,7857,N535DE,EWR,MIA,347,3022,20,15,2013-11-26 20:00:00
2013,1,16,2051,2000,51,2494,2443,78,F9,2355,N758DD,JFK,LAX,283,2258,20,0,2013-01-16 20:00:00
2013,3,13,1374,1315,59,2002,1943,59,EV,8476,N827HE,EWR,CLE,388,3027,13,15,2013-03-13 13:00:00
2013,9,14,1898,1915,-17,2105,2122,-5,MQ,4981,N691CB,JFK,PHX,127,985,19,15,2013-09-14 19:00:00
2013,4,19,1069,1115,-46,1500,1546,-35,B6,1371,N950EB,JFK,ORD,271,2269,11,15,2013-04-19 11:00:00
2013,4,15,870,845,25,1010,985,44,HA,7367,N793GF,EWR,HNL,100,906,8,45,2013-04-15 08:00:00
2013,1,3,1736,1715,21,2050,2029,31,B6,3561,N362DD,JFK,OAK,194,1464,17,15,2013-01-03 17:00:00
2013,5,11,2256,2245,11,2472,2461,-1,9E,8496,N744CC,LGA,DTW,136,1214,22,45,2013-05-11 22:00:00
2013,1,5,761,745,16,1007,991,8,MQ,6625,N987FE,EWR,SJU,166,1437,7,45,2013-01-05 07:00:00
2013,7,15,795,700,95,1323,1228,124,F9,2789,N428BC,JFK,MDW,328,3089,7,0,2013-07-15 07:00:00
2013,11,1,1334,1315,19,1853,1834,24,WN,7563,N680BA,LGA,RDU,319,2802,13,15,2013-11-01 13:00:00
2013,10,20,470,515,-45,928,973,-20,DL,1543,N536CA,EWR,MSP,298,2493,5,15,2013-10-20 05:00:00
2013,6,24,839,845,-6,1040,1046,-18,EV,8950,N479GF,LGA,SFO,121,926,8,45,2013-06-24 08:00:00
2013,4,11,1896,1845,51,2349,2298,49,AA,294,N191EB,EWR,CLE,293,2512,18,45,2013-04-11 18:00:00
2013,4,3,718,715,3,764,761,11,UA,8572,N688DB,EWR,RDU,46,378,7,15,2013-04-03 07:00:00
2013,3,4,983,1000,-17,1586,1603,-22,F9,9527,N879AF,LGA,SJU,363,3400,10,0,2013-03-04 10:00:00
2013,11,10,1707,1700,7,2023,2016,-4,9E,6977,N860GB,LGA,ATL,196,1752,17,0,2013-11-10 17:00:00
2013,9,19,1345,1345,0,1872,1872,-12,FL,6829,N446CD,EWR,ATL,327,2511,13,45,2013-09-19 13:00:00
2013,5,3,567,600,-33,1223,1256,-47,US,2776,N904DD,EWR,ATL,416,3513,6,0,2013-05-03 06:00:00
2013,4,20,1758,1700,58,2307,2249,57,B6,5168,N171CB,EWR,MCO,349,3238,17,0,2013-04-20 17:00:00
2013,8,15,1547,1530,17,1854,1837,5,MQ,1895,N908GD,LGA,CVG,187,1619,15,30,2013-08-15 15:00:00
2013,5,27,1806,1830,-24,2147,2171,-15,F9,6803,N981AC,JFK,HNL,221,2008,18,30,2013-05-27 18:00:00
2013,1,24,1450,1500,-50,1798,1848,-43,VX,158,N598BF,EWR,MKE,228,1994,15,0,2013-01-24 15:00:00
2013,8,11,1360,1345,15,1971,1956,39,AS,2945,N433GA,JFK,IAD,371,3042,13,45,2013-08-11 13:00:00
2013,3,6,933,945,-12,1585,1597,18,MQ,8516,N593DE,JFK,IAD,412,3503,9,45,2013-03-06 09:00:00
2013,11,5,1338,1345,-7,1951,1958,22,OO,1479,N420EE,EWR,BWI,373,3059,13,45,2013-11-05 13:00:00
2013,5,1,2277,2230,47,2580,2533,32,VX,6421,N351CF,EWR,CLE,183,1671,22,30,2013-05-01 22:00:00
2013,4,10,1958,2030,-72,2315,2387,-64,AS,1331,N910GC,LGA,OAK,237,2086,20,30,2013-04-10 20:00:00
2013,11,6,1835,1845,-10,1957,1967,8,EV,5620,N872AD,JFK,MDW,82,762,18,45,2013-11-06 18:00:00
2013,6,2,797,800,-3,1298,1301,-4,F9,7424,N834HB,LGA,CLE,301,2544,8,0,2013-06-02 08:00:00
2013,6,17,958,900,58,1607,1549,61,9E,3688,N508BF,JFK,MCO,409,3121,9,0,2013-06-17 09:00:00
2013,4,15,945,945,0,1579,1579,-8,MQ,1483,N735AB,JFK,CLT,394,3092,9,45,2013-04-15 09:00:00
2013,6,1,2133,2115,18,2288,2270,26,YV,5979,N972HE,JFK,MSP,115,1024,21,15,2013-06-01 21:00:00
2013,11,26,538,500,38,667,629,57,WN,9542,N450FD,EWR,FLL,89,743,5,0,2013-11-26 05:00:00
2013,6,1,997,930,67,1620,1553,63,US,4394,N907BE,LGA,DFW,383,3266,9,30,2013-06-01 09:00:00
2013,10,10,1618,1545,73,2029,1956,58,US,1148,N726FC,EWR,CLT,251,1939,15,45,2013-10-10 15:00:00
2013,6,9,576,600,-24,1020,1044,-17,DL,7888,N300CF,EWR,LAX,284,2622,6,0,2013-06-09 06:00:00
2013,10,19,1415,1415,0,1562,1562,-4,B6,8856,N915FC,JFK,DTW,107,844,14,15,2013-10-19 14:00:00
2013,7,20,689,645,44,907,863,45,DL,874,N417BB,EWR,DTW,138,1305,6,45,2013-07-20 06:00:00
2013,4,6,1108,1115,-7,1525,1532,17,F9,7322,N987EC,JFK,DTW,257,2409,11,15,2013-04-06 11:00:00
2013,2,13,1848,1830,18,2077,2059,12,WN,5811,N925HE,LGA,SEA,149,1239,18,30,2013-02-13 18:00:00
2013,6,22,1477,1415,62,1583,1521,68,EV,9652,N862BB,LGA,MIA,66,573,14,15,2013-06-22 14:00:00
2013,1,12,1918,1930,-12,2271,2283,-14,AA,1188,N834BF,LGA,MIA,233,2003,19,30,2013-01-12 19:00:00
2013,4,23,1592,1615,-23,1718,1741,-14,VX,8869,N725FA,LGA,DFW,86,675,16,15,2013-04-23 16:00:00
2013,10,23,1439,1445,-6,2085,2091,2,EV,8727,N387FF,EWR,FLL,406,3713,14,45,2013-10-23 14:00:00
2013,4,23,1054,1015,39,1658,1619,38,DL,1086,N334DF,JFK,DEN,364,2909,10,15,2013-04-23 10:00:00
2013,12,28,785,700,85,1241,1156,74,DL,4082,N857BC,LGA,DEN,296,2254,7,0,2013-12-28 07:00:00
2013,5,15,918,930,-12,1259,1271,2,VX,8372,N650GD,EWR,SJU,221,1822,9,30,2013-05-15 09:00:00
2013,8,5,811,815,-4,934,938,13,HA,8123,N670AD,JFK,TPA,83,628,8,15,2013-08-05 08:00:00
2013,4,6,489,530,-41,1042,1083,-42,US,409,N616CB,JFK,PHX,353,3232,5,30,2013-04-06 05:00:00
2013,6,22,550,600,-50,768,818,-62,FL,9694,N140BA,JFK,STL,138,1036,6,0,2013-06-22 06:00:00
2013,10,20,1645,1630,15,1866,1851,17,9E,591,N893ED,EWR,SNA,141,1318,16,30,2013-10-20 16:00:00
2013,1,13,1344,1345,-1,1853,1854,19,AA,7939,N885GC,JFK,DEN,309,2606,13,45,2013-01-13 13:00:00
2013,2,8,2145,2145,0,2202,2202,18,MQ,494,N955BA,JFK,ORD,57,457,21,45,2013-02-08 21:00:00
2013,11,20,1794,1815,-21,2401,2422,7,MQ,1080,N752HB,JFK,DTW,367,3478,18,15,2013-11-20 18:00:00
2013,2,1,2097,2115,-18,2246,2264,9,WN,4597,N522DB,EWR,CLT,109,872,21,15,2013-02-01 21:00:00
2013,7,16,908,945,-37,1039,1076,-37,F9,3476,N933CA,LGA,BWI,91,814,9,45,2013-07-16 09:00:00
2013,5,17,1549,1600,-51,2073,2124,-57,DL,7030,N168BC,EWR,SJU,324,2977,16,0,2013-05-17 16:00:00
2013,3,12,1769,1730,39,1825,1786,39,VX,8271,N581AC,LGA,MCO,56,482,17,30,2013-03-12 17:00:00
2013,10,2,895,930,-35,1120,1155,-14,US,8340,N912FD,EWR,FLL,145,1287,9,30,2013-10-02 09:00:00
2013,12,26,597,530,67,1119,1052,77,DL,9064,N326HA,EWR,STL,322,2446,5,30,2013-12-26 05:00:00
2013,5,4,1532,1445,87,1871,1784,94,9E,4377,N133AB,JFK,HNL,219,1684,14,45,2013-05-04 14:00:00
2013,5,23,1647,1630,17,2098,2081,31,OO,9886,N695GC,JFK,STL,291,2731,16,30,2013-05-23 16:00:00
2013,2,26,1178,1130,48,1693,1645,53,MQ,9222,N133BD,EWR,OAK,315,2459,11,30,2013-02-26 11:00:00
2013,5,8,2177,2115,62,2785,2723,87,9E,3829,N443HD,LGA,FLL,368,2893,21,15,2013-05-08 21:00:00
2013,10,27,725,800,-75,1162,1237,-86,F9,6116,N935AA,LGA,HNL,277,2625,8,0,2013-10-27 08:00:00
2013,11,8,1126,1200,-74,1644,1718,-60,EV,7709,N753AD,LGA,OAK,318,2831,12,0,2013-11-08 12:00:00
2013,10,8,513,515,-2,1122,1124,18,AS,9946,N417GF,LGA,IAD,369,2975,5,15,2013-10-08 05:00:00
2013,4,8,1856,1815,41,2398,2357,36,MQ,2627,N736BC,LGA,RDU,342,3075,18,15,2013-04-08 18:00:00
2013,9,24,1192,1230,-38,1692,1730,-28,FL,4261,N102EA,EWR,DFW,300,2416,12,30,2013-09-24 12:00:00
2013,12,26,2105,2100,5,2424,2419,-3,US,9558,N102DC,EWR,STL,199,1645,21,0,2013-12-26 21:00:00
2013,11,2,2247,2245,2,2865,2863,28,AS,9717,N313EE,LGA,BOS,378,3005,22,45,2013-11-02 22:00:00
2013,2,3,2025,2015,10,2343,2333,10,US,2651,N295ED,EWR,SJU,198,1527,20,15,2013-02-03 20:00:00
2013,4,3,1704,1715,-11,2040,2051,17,UA,1523,N124AC,EWR,OAK,216,1786,17,15,2013-04-03 17:00:00
2013,3,16,1816,1830,-14,1968,1982,-21,VX,1346,N527EA,LGA,BQN,112,1031,18,30,2013-03-16 18:00:00
2013,11,22,695,700,-5,740,745,5,MQ,4557,N288FE,LGA,BWI,45,340,7,0,2013-11-22 07:00:00
2013,5,27,1268,1245,23,1609,1586,19,YV,1099,N760DA,EWR,CLE,221,1924,12,45,2013-05-27 12:00:00
2013,5,12,1825,1830,-5,2370,2375,20,HA,6545,N774DE,JFK,MSY,345,2858,18,30,2013-05-12 18:00:00
2013,10,27,2148,2045,103,2594,2491,124,F9,7724,N419DF,EWR,SFO,286,2502,20,45,2013-10-27 20:00:00
2013,2,17,2249,2215,34,2659,2625,34,EV,9361,N710CE,LGA,DTW,250,2202,22,15,2013-02-17 22:00:00
2013,7,23,2265,2215,50,2891,2841,66,9E,3548,N786FB,LGA,MKE,386,3285,22,15,2013-07-23 22:00:00
2013,12,22,597,615,-18,951,969,-22,MQ,510,N398GD,JFK,CLE,234,1934,6,15,2013-12-22 06:00:00
2013,11,7,714,645,69,968,899,71,AS,3961,N699ED,LGA,TPA,174,1503,6,45,2013-11-07 06:00:00
2013,5,28,903,900,3,1412,1409,-10,HA,9835,N331BD,EWR,CVG,309,2557,9,0,2013-05-28 09:00:00
2013,4,14,1236,1245,-9,1444,1453,-19,US,5977,N501FD,LGA,DTW,128,1000,12,45,2013-04-14 12:00:00
2013,9,19,2133,2115,18,2263,2245,9,AS,7755,N290FA,JFK,MKE,90,837,21,15,2013-09-19 21:00:00
2013,10,16,1292,1315,-23,1425,1448,-32,HA,3673,N450AA,JFK,DEN,93,736,13,15,2013-10-16 13:00:00
2013,7,26,1757,1745,12,2060,2048,22,VX,4259,N645AF,LGA,DFW,183,1685,17,45,2013-07-26 17:00:00
2013,12,8,749,815,-66,804,870,-69,FL,1564,N324FC,JFK,DEN,55,490,8,15,2013-12-08 08:00:00
2013,5,6,579,515,64,808,744,87,HA,1379,N906CE,JFK,PHL,149,1252,5,15,2013-05-06 05:00:00
2013,10,22,1266,1300,-34,1878,1912,-46,OO,8856,N450FA,EWR,MSP,372,2966,13,0,2013-10-22 13:00:00
2013,12,2,745,745,0,854,854,9,MQ,5134,N192CE,JFK,ATL,69,553,7,45,2013-12-02 07:00:00
2013,10,18,2033,2045,-12,2662,2674,17,US,3046,N579CC,JFK,DEN,389,3021,20,45,2013-10-18 20:00:00
2013,9,26,1240,1300,-60,1481,1541,-64,VX,8236,N871CC,LGA,MCO,161,1480,13,0,2013-09-26 13:00:00
2013,4,25,2140,2145,-5,2496,2501,22,F9,8166,N230EF,EWR,HNL,236,2225,21,45,2013-04-25 21:00:00
2013,2,9,1904,1915,-11,2322,2333,-6,B6,9395,N275CF,JFK,DEN,258,2237,19,15,2013-02-09 19:00:00
2013,5,18,1207,1200,7,1539,1532,-6,UA,3974,N812FD,LGA,CVG,212,1924,12,0,2013-05-18 12:00:00
2013,9,27,2244,2230,14,2664,2650,31,B6,5483,N944GC,LGA,HNL,260,2406,22,30,2013-09-27 22:00:00
2013,11,2,1401,1345,56,2034,1978,58,9E,5341,N251HA,JFK,ORD,393,3497,13,45,2013-11-02 13:00:00
2013,10,7,1815,1800,15,2137,2122,15,VX,1330,N607AE,EWR,ATL,202,1893,18,0,2013-10-07 18:00:00
2013,1,2,2052,2030,22,2253,2231,11,HA,5584,N304EC,LGA,MIA,121,991,20,30,2013-01-02 20:00:00
2013,4,24,1736,1700,36,1984,1948,51,EV,1324,N631AB,LGA,ATL,168,1399,17,0,2013-04-24 17:00:00
2013,4,7,1151,1115,36,1579,1543,50,HA,7345,N541DA,LGA,FLL,268,2398,11,15,2013-04-07 11:00:00
2013,3,21,2284,2230,54,2500,2446,68,HA,8416,N756AD,JFK,STL,136,1148,22,30,2013-03-21 22:00:00
2013,9,5,1478,1415,63,1836,1773,74,US,2078,N500AF,JFK,DEN,238,1927,14,15,2013-09-05 14:00:00
2013,4,11,678,700,-22,821,843,-29,F9,295,N363GA,JFK,SNA,103,945,7,0,2013-04-11 07:00:00
2013,11,18,1461,1400,61,2111,2050,89,AA,6773,N321FD,EWR,OAK,410,3483,14,0,2013-11-18 14:00:00
2013,8,15,1111,1130,-19,1519,1538,-10,VX,7877,N918CB,EWR,MDW,248,2040,11,30,2013-08-15 11:00:00
2013,7,12,1697,1715,-18,1847,1865,-13,OO,9950,N970GA,JFK,SFO,110,993,17,15,2013-07-12 17:00:00
2013,12,10,1824,1800,24,2166,2142,41,UA,7744,N125EA,JFK,LAX,222,1932,18,0,2013-12-10 18:00:00
2013,11,27,1121,1145,-24,1647,1671,-3,B6,2147,N658CF,EWR,MSY,326,2966,11,45,2013-11-27 11:00:00
2013,7,5,2234,2215,19,2875,2856,24,AS,5327,N943HB,JFK,SJU,401,3462,22,15,2013-07-05 22:00:00
2013,5,15,920,915,5,1132,1127,8,US,4190,N450FE,JFK,CLE,132,1191,9,15,2013-05-15 09:00:00
2013,5,28,1982,2030,-48,2418,2466,-38,WN,420,N150AE,JFK,PHL,276,2364,20,30,2013-05-28 20:00:00
2013,3,12,2079,2030,49,2526,2477,48,WN,1150,N550DC,JFK,PHX,287,2407,20,30,2013-03-12 20:00:00
2013,4,12,1211,1230,-19,1639,1658,1,F9,7943,N296CE,JFK,DEN,268,2503,12,30,2013-04-12 12:00:00
2013,8,1,2019,2030,-11,2542,2553,5,US,8968,N930EA,JFK,SJU,323,3049,20,30,2013-08-01 20:00:00
2013,7,18,1476,1330,146,2113,1967,176,WN,2912,N382ED,LGA,TPA,397,3111,13,30,2013-07-18 13:00:00
2013,7,5,2084,2000,84,2404,2320,87,FL,2927,N331CE,LGA,CLE,200,1735,20,0,2013-07-05 20:00:00
2013,7,17,2192,2200,-8,2709,2717,-23,FL,7533,N809ED,JFK,ORD,317,2829,22,0,2013-07-17 22:00:00
2013,4,28,963,900,63,1491,1428,78,YV,4736,N525CC,JFK,ATL,328,2577,9,0,2013-04-28 09:00:00
2013,3,19,589,530,59,1145,1086,88,UA,7794,N804EE,LGA,IAD,356,2741,5,30,2013-03-19 05:00:00
2013,5,17,805,800,5,856,851,12,AS,5728,N696AE,EWR,CLE,51,389,8,0,2013-05-17 08:00:00
2013,1,23,1353,1400,-47,1505,1552,-25,AA,5855,N183HB,EWR,SNA,112,1012,14,0,2013-01-23 14:00:00
2013,7,16,2217,2245,-28,2440,2468,-6,EV,9132,N870CC,EWR,MCO,143,1195,22,45,2013-07-16 22:00:00
2013,2,24,2205,2200,5,2406,2401,26,WN,9499,N741GA,JFK,MCO,121,911,22,0,2013-02-24 22:00:00
2013,9,1,1569,1545,24,1700,1676,51,UA,7377,N540CD,LGA,MCO,91,709,15,45,2013-09-01 15:00:00
2013,7,22,733,730,3,1191,1188,16,DL,6054,N667GC,EWR,BQN,298,2404,7,30,2013-07-22 07:00:00
2013,8,4,1030,1030,0,1289,1289,25,FL,1394,N425AB,EWR,BQN,179,1612,10,30,2013-08-04 10:00:00
2013,8,21,1317,1315,2,1528,1526,24,UA,4663,N189GD,LGA,DFW,131,1167,13,15,2013-08-21 13:00:00
2013,5,7,2153,2215,-62,2202,2264,-41,FL,9597,N875DB,LGA,STL,49,373,22,15,2013-05-07 22:00:00
2013,3,1,1210,1145,65,1612,1547,58,MQ,1560,N846HE,JFK,FLL,242,1984,11,45,2013-03-01 11:00:00
2013,9,15,1558,1530,28,2069,2041,21,FL,835,N718FC,EWR,CLE,311,2886,15,30,2013-09-15 15:00:00
2013,5,15,1857,1815,42,1997,1955,30,WN,5548,N226AA,EWR,DTW,100,810,18,15,2013-05-15 18:00:00
2013,6,9,757,800,-43,1115,1158,-40,AA,8175,N835AD,JFK,MIA,238,1963,8,0,2013-06-09 08:00:00
2013,10,12,1620,1545,75,1764,1689,70,YV,8976,N309CD,JFK,HNL,104,893,15,45,2013-10-12 15:00:00
2013,10,25,1372,1315,57,1708,1651,82,FL,6287,N176BE,JFK,LAX,216,2032,13,15,2013-10-25 13:00:00
2013,6,26,1895,1945,-50,2305,2355,-29,DL,7788,N414GC,EWR,BOS,250,1946,19,45,2013-06-26 19:00:00
2013,12,4,908,915,-7,1231,1238,19,OO,678,N403HB,JFK,OAK,203,1660,9,15,2013-12-04 09:00:00
2013,1,12,1788,1745,43,2015,1972,44,EV,5656,N304GF,JFK,ORD,147,1356,17,45,2013-01-12 17:00:00
2013,11,23,2105,2045,60,2340,2280,76,VX,215,N801FB,EWR,BQN,155,1265,20,45,2013-11-23 20:00:00
2013,3,12,1879,1900,-21,2396,2417,8,AA,213,N332BA,JFK,ATL,317,2939,19,0,2013-03-12 19:00:00
2013,3,28,1749,1730,19,2192,2173,43,UA,215,N523GA,LGA,MDW,283,2526,17,30,2013-03-28 17:00:00
2013,8,5,1917,1830,87,2172,2085,91,DL,7006,N767HC,EWR,SFO,175,1374,18,30,2013-08-05 18:00:00
2013,4,21,1508,1515,-7,1952,1959,-18,F9,2913,N526AD,EWR,SFO,284,2685,15,15,2013-04-21 15:00:00
2013,12,16,867,900,-33,1173,1206,-45,UA,7480,N964BB,JFK,PBI,186,1623,9,0,2013-12-16 09:00:00
2013,2,20,2107,2030,77,2762,2685,101,9E,8476,N547CD,LGA,LAX,415,3418,20,30,2013-02-20 20:00:00
2013,7,18,1064,1045,19,1386,1367,8,WN,6533,N525FF,LGA,CVG,202,1696,10,45,2013-07-18 10:00:00
2013,5,10,1824,1930,-106,2432,2538,-112,WN,620,N481CB,EWR,ORD,368,3483,19,30,2013-05-10 19:00:00
2013,3,22,2038,2115,-77,2651,2728,-79,MQ,5176,N686DC,LGA,MCO,373,3508,21,15,2013-03-22 21:00:00
2013,8,26,2017,2000,17,2244,2227,20,DL,3974,N736HF,LGA,ORD,147,1221,20,0,2013-08-26 20:00:00
2013,11,15,1448,1400,48,1702,1654,71,HA,6643,N279AA,LGA,MKE,174,1611,14,0,2013-11-15 14:00:00
2013,7,15,1289,1300,-11,1826,1837,-16,OO,1231,N137GF,LGA,SNA,337,3016,13,0,2013-07-15 13:00:00
2013,6,4,1619,1645,-26,1837,1863,-2,F9,1627,N172BD,JFK,BWI,138,1247,16,45,2013-06-04 16:00:00
2013,5,5,1951,1900,51,2396,2345,79,VX,6895,N839GF,EWR,FLL,285,2462,19,0,2013-05-05 19:00:00
2013,12,23,1380,1330,50,1923,1873,78,HA,7579,N198FD,EWR,BWI,343,2872,13,30,2013-12-23 13:00:00
2013,11,12,1800,1730,70,2146,2076,75,HA,1004,N291DB,LGA,DTW,226,2082,17,30,2013-11-12 17:00:00
2013,12,1,1060,1015,45,1209,1164,34,AA,2200,N324BA,LGA,DTW,109,965,10,15,2013-12-01 10:00:00
2013,6,24,2182,2215,-33,2799,2832,-15,B6,7832,N981BB,JFK,PHL,377,3553,22,15,2013-06-24 22:00:00
2013,11,16,2155,2115,40,2300,2260,59,AS,3205,N372DB,JFK,TPA,105,839,21,15,2013-11-16 21:00:00
2013,10,2,1392,1430,-38,1537,1575,-9,UA,5266,N454GE,LGA,MIA,105,993,14,30,2013-10-02 14:00:00
2013,7,9,1350,1300,50,1968,1918,62,AA,1595,N386GA,LGA,FLL,378,2944,13,0,2013-07-09 13:00:00
2013,4,10,1631,1645,-14,1760,1774,-19,VX,6486,N500BF,LGA,CVG,89,691,16,45,2013-04-10 16:00:00
2013,11,11,1394,1315,79,1531,1452,70,OO,8164,N845BE,LGA,MCO,97,743,13,15,2013-11-11 13:00:00
2013,12,14,800,800,0,858,858,11,YV,8191,N705EA,JFK,RDU,58,475,8,0,2013-12-14 08:00:00
2013,2,10,1594,1600,-6,2244,2250,24,9E,7157,N711DE,EWR,SJU,410,3577,16,0,2013-02-10 16:00:00
2013,2,1,975,1045,-70,1234,1304,-59,F9,4480,N957GC,EWR,TPA,179,1503,10,45,2013-02-01 10:00:00
2013,8,27,1803,1815,-12,2226,2238,-16,B6,5298,N732AD,JFK,MKE,263,2190,18,15,2013-08-27 18:00:00
2013,11,20,2063,2045,18,2169,2151,23,VX,8644,N885GA,EWR,SFO,66,614,20,45,2013-11-20 20:00:00
2013,11,21,1217,1145,72,1475,1403,94,F9,7374,N847EA,EWR,MCO,178,1586,11,45,2013-11-21 11:00:00
2013,3,25,1379,1330,49,1800,1751,64,B6,1430,N829CD,EWR,DFW,261,2222,13,30,2013-03-25 13:00:00
2013,10,26,740,830,-90,1269,1359,-76,MQ,3897,N104AB,EWR,BOS,329,2879,8,30,2013-10-26 08:00:00
2013,12,5,581,530,51,1011,960,41,US,7314,N387GF,EWR,DTW,270,2057,5,30,2013-12-05 05:00:00
2013,12,23,1932,1800,132,2148,2016,121,AS,3551,N662AB,LGA,HNL,136,1245,18,0,2013-12-23 18:00:00
2013,5,12,747,715,32,995,963,35,B6,5182,N382CA,JFK,TPA,168,1481,7,15,2013-05-12 07:00:00
2013,2,16,2024,2100,-76,2551,2627,-63,WN,120,N773HC,JFK,PBI,327,3075,21,0,2013-02-16 21:00:00
2013,11,1,1180,1130,50,1808,1758,40,AA,4716,N295GC,LGA,ATL,388,3414,11,30,2013-11-01 11:00:00
2013,6,21,1332,1315,17,1856,1839,14,AS,8472,N877DB,LGA,RDU,324,2617,13,15,2013-06-21 13:00:00
2013,11,19,519,500,19,856,837,13,B6,2322,N384AC,LGA,SNA,217,1678,5,0,2013-11-19 05:00:00
2013,7,14,1007,1030,-23,1343,1366,-20,B6,2462,N823DA,LGA,STL,216,1748,10,30,2013-07-14 10:00:00
2013,5,20,746,745,1,990,989,8,DL,6213,N443GE,JFK,FLL,164,1543,7,45,2013-05-20 07:00:00
2013,7,14,624,630,-6,745,751,-19,HA,6584,N897HA,JFK,HNL,81,699,6,30,2013-07-14 06:00:00
2013,1,27,1294,1345,-51,1814,1865,-35,AA,5378,N264DB,LGA,ATL,320,2477,13,45,2013-01-27 13:00:00
2013,11,28,1834,1800,34,2249,2215,37,F9,7805,N267AC,LGA,SFO,255,2412,18,0,2013-11-28 18:00:00
2013,2,8,698,715,-17,923,940,-19,DL,7048,N287AC,LGA,STL,145,1321,7,15,2013-02-08 07:00:00
2013,4,2,1947,1945,2,2261,2259,-11,HA,2670,N548GA,JFK,PHL,194,1810,19,45,2013-04-02 19:00:00
2013,5,25,1602,1630,-28,2121,2149,-31,9E,3182,N239DF,EWR,MCO,319,2670,16,30,2013-05-25 16:00:00
2013,4,11,1274,1300,-26,1520,1546,-38,F9,5180,N601AC,LGA,TPA,166,1470,13,0,2013-04-11 13:00:00
2013,11,26,2015,2030,-15,2462,2477,-28,HA,6406,N189BE,EWR,DFW,287,2441,20,30,2013-11-26 20:00:00
2013,3,4,1673,1645,28,2011,1983,36,DL,8299,N822EB,EWR,OAK,218,1909,16,45,2013-03-04 16:00:00
2013,5,12,643,600,43,944,901,48,MQ,5813,N327AE,EWR,MDW,181,1636,6,0,2013-05-12 06:00:00
2013,5,20,1762,1700,62,1815,1753,83,FL,8908,N940CB,LGA,TPA,53,440,17,0,2013-05-20 17:00:00
2013,1,6,1154,1200,-46,1289,1335,-16,DL,9464,N456CA,JFK,ORD,95,713,12,0,2013-01-06 12:00:00
2013,12,6,1741,1700,41,2259,2218,28,DL,5383,N135BF,EWR,DFW,318,2629,17,0,2013-12-06 17:00:00
2013,2,9,1797,1815,-18,2433,2451,-8,AA,4881,N302DA,JFK,FLL,396,3383,18,15,2013-02-09 18:00:00
2013,4,17,1992,1930,62,2326,2264,63,FL,3985,N899FF,EWR,BOS,214,1976,19,30,2013-04-17 19:00:00
2013,7,20,1817,1845,-28,2376,2404,1,MQ,5908,N701GA,EWR,BQN,359,2850,18,45,2013-07-20 18:00:00
2013,8,20,935,930,5,1580,1575,-10,WN,6535,N304CA,LGA,CVG,405,3388,9,30,2013-08-20 09:00:00
2013,3,7,838,845,-7,1289,1296,-16,OO,5426,N759GC,EWR,SNA,291,2218,8,45,2013-03-07 08:00:00
2013,7,15,1214,1215,-1,1452,1453,11,VX,1864,N771HF,EWR,PHX,158,1314,12,15,2013-07-15 12:00:00
2013,7,9,2039,2015,24,2578,2554,12,EV,4476,N424HE,LGA,BQN,339,2681,20,15,2013-07-09 20:00:00
2013,4,24,1987,2000,-13,2125,2138,-2,OO,533,N407DA,LGA,DTW,98,889,20,0,2013-04-24 20:00:00
2013,5,25,622,630,-8,859,867,19,VX,3072,N189BE,EWR,CVG,157,1314,6,30,2013-05-25 06:00:00
2013,9,4,1064,1100,-36,1478,1514,-38,FL,1787,N283GA,LGA,PHL,254,2164,11,0,2013-09-04 11:00:00
2013,2,28,1096,1100,-4,1509,1513,21,UA,9302,N947BB,EWR,ORD,253,2192,11,0,2013-02-28 11:00:00
2013,9,15,1833,1830,3,2165,2162,27,B6,3844,N602HF,LGA,DTW,212,1788,18,30,2013-09-15 18:00:00
2013,7,9,1419,1430,-11,2059,2070,8,VX,9247,N629GA,LGA,BWI,400,3050,14,30,2013-07-09 14:00:00
2013,1,5,1112,1130,-18,1452,1470,7,OO,6505,N851BE,LGA,FLL,220,1817,11,30,2013-01-05 11:00:00
2013,1,23,1032,945,87,1665,1578,112,EV,1589,N450DD,EWR,MCO,393,2996,9,45,2013-01-23 09:00:00
2013,6,5,1186,1245,-59,1834,1893,-47,FL,7348,N664BE,EWR,MKE,408,3832,12,45,2013-06-05 12:00:00
2013,10,18,1642,1730,-88,2296,2384,-100,DL,6361,N196BA,JFK,OAK,414,3330,17,30,2013-10-18 17:00:00
2013,2,8,1636,1630,6,2260,2254,-3,9E,7453,N678AC,LGA,MCO,384,3005,16,30,2013-02-08 16:00:00
2013,2,20,713,700,13,1132,1119,27,AA,8707,N761AC,JFK,BOS,259,1975,7,0,2013-02-20 07:00:00
2013,10,22,1645,1645,0,2082,2082,29,AS,3871,N160CE,EWR,CLT,277,2090,16,45,2013-10-22 16:00:00
2013,2,26,1157,1130,27,1279,1252,14,WN,7167,N582GC,LGA,MKE,82,621,11,30,2013-02-26 11:00:00
2013,8,18,1245,1245,0,1356,1356,27,FL,2556,N617DD,EWR,ATL,71,626,12,45,2013-08-18 12:00:00
2013,11,1,2223,2215,8,2728,2720,0,VX,2125,N867AC,JFK,SFO,305,2491,22,15,2013-11-01 22:00:00
2013,6,26,2062,2100,-38,2172,2210,-32,AS,5227,N349BC,LGA,MDW,70,575,21,0,2013-06-26 21:00:00
2013,3,26,820,800,20,873,853,36,AS,8198,N884AF,LGA,DEN,53,481,8,0,2013-03-26 08:00:00
2013,3,19,1110,1045,65,1628,1563,80,AS,5042,N429HC,LGA,MSY,318,2804,10,45,2013-03-19 10:00:00
2013,6,5,1639,1600,39,1858,1819,59,B6,9309,N898BB,LGA,PHL,139,1181,16,0,2013-06-05 16:00:00
2013,9,9,2182,2145,37,2292,2255,57,MQ,7477,N859DF,JFK,RDU,70,606,21,45,2013-09-09 21:00:00
2013,11,25,1542,1500,42,1787,1745,30,AS,5841,N874GD,JFK,BQN,165,1305,15,0,2013-11-25 15:00:00
2013,11,1,2271,2145,126,2678,2552,118,WN,4454,N538GA,EWR,MKE,247,1910,21,45,2013-11-01 21:00:00
2013,7,5,751,715,36,887,851,30,HA,1925,N502DF,JFK,STL,96,826,7,15,2013-07-05 07:00:00
2013,9,15,1892,1830,62,1945,1883,92,MQ,5130,N958AC,EWR,SJU,53,481,18,30,2013-09-15 18:00:00
2013,8,21,878,830,48,924,876,49,HA,3042,N264AA,EWR,BQN,46,350,8,30,2013-08-21 08:00:00
2013,3,10,933,900,33,1354,1321,61,F9,3785,N921HD,JFK,SJU,261,2049,9,0,2013-03-10 09:00:00
2013,1,9,2017,2000,17,2557,2540,43,F9,9067,N691GD,LGA,MDW,340,2842,20,0,2013-01-09 20:00:00
2013,3,19,511,545,-34,927,961,-20,FL,341,N224EA,LGA,PHL,256,1972,5,45,2013-03-19 05:00:00
2013,1,10,1050,1030,20,1568,1548,20,AA,1374,N339AC,EWR,PBI,318,2619,10,30,2013-01-10 10:00:00
2013,4,7,1234,1230,4,1463,1459,20,9E,7809,N225EB,JFK,TPA,149,1147,12,30,2013-04-07 12:00:00
2013,9,9,1293,1315,-22,1896,1918,7,F9,7840,N317AE,LGA,SEA,363,2866,13,15,2013-09-09 13:00:00
2013,11,13,2163,2130,33,2314,2281,43,YV,7083,N682DB,LGA,SNA,111,847,21,30,2013-11-13 21:00:00
2013,9,14,955,945,10,1608,1598,3,HA,110,N335AA,LGA,HNL,413,3846,9,45,2013-09-14 09:00:00
2013,9,24,1166,1145,21,1414,1393,32,YV,358,N832ED,JFK,OAK,168,1496,11,45,2013-09-24 11:00:00
2013,1,10,1917,1900,17,2557,2540,5,DL,9012,N217AB,EWR,PBI,400,3742,19,0,2013-01-10 19:00:00
2013,5,22,1314,1330,-16,1739,1755,-19,VX,4741,N833HC,LGA,MCO,265,2340,13,30,2013-05-22 13:00:00
2013,11,12,1536,1515,21,2182,2161,49,AS,2294,N291HE,JFK,ATL,406,3830,15,15,2013-11-12 15:00:00
2013,1,1,1524,1515,9,1571,1562,26,VX,4849,N290CF,JFK,MDW,47,372,15,15,2013-01-01 15:00:00
2013,6,23,1906,1945,-39,2235,2274,-51,DL,9506,N187AE,JFK,LAX,209,1633,19,45,2013-06-23 19:00:00
2013,1,9,1140,1215,-75,1298,1373,-73,EV,5384,N512GC,LGA,STL,118,1026,12,15,2013-01-09 12:00:00
2013,1,6,1562,1530,32,1679,1647,33,B6,1575,N592HE,JFK,MKE,77,612,15,30,2013-01-06 15:00:00
2013,7,14,1407,1400,7,1552,1545,6,9E,7861,N122BF,EWR,CLT,105,994,14,0,2013-07-14 14:00:00
2013,4,27,887,915,-28,1191,1219,-4,UA,3501,N819GF,LGA,PHL,184,1443,9,15,2013-04-27 09:00:00
2013,6,19,1588,1615,-27,2093,2120,-3,HA,7032,N177AB,EWR,ORD,305,2780,16,15,2013-06-19 16:00:00
2013,1,3,842,900,-58,1166,1224,-67,9E,607,N876HC,EWR,LAX,204,1698,9,0,2013-01-03 09:00:00
2013,12,28,785,730,55,1089,1034,74,EV,5328,N991HD,LGA,CLT,184,1417,7,30,2013-12-28 07:00:00
2013,3,21,1862,1845,17,2481,2464,45,MQ,9872,N116HD,EWR,CLT,379,3554,18,45,2013-03-21 18:00:00
2013,9,12,1493,1530,-37,2035,2072,-51,WN,9473,N480DE,JFK,FLL,342,2659,15,30,2013-09-12 15:00:00
2013,1,19,847,815,32,1470,1438,48,B6,4079,N498AF,LGA,PHX,383,3247,8,15,2013-01-19 08:00:00
2013,2,17,1296,1315,-19,1753,1772,-9,F9,4356,N393GD,EWR,CLE,297,2592,13,15,2013-02-17 13:00:00
2013,6,15,2266,2230,36,2568,2532,21,DL,8024,N130BD,LGA,STL,182,1496,22,30,2013-06-15 22:00:00
2013,5,7,869,815,54,1384,1330,84,WN,756,N863AD,JFK,MSP,315,2738,8,15,2013-05-07 08:00:00
2013,4,8,1573,1515,58,2196,2138,73,AA,7706,N822AB,EWR,CLT,383,3399,15,15,2013-04-08 15:00:00
2013,3,8,1052,1045,7,1693,1686,7,US,1975,N347DA,EWR,PHL,401,3483,10,45,2013-03-08 10:00:00
2013,8,20,2091,2100,-9,2630,2639,-19,B6,3991,N875GE,EWR,ATL,339,3122,21,0,2013-08-20 21:00:00
2013,2,18,1415,1415,0,1558,1558,9,HA,8250,N882AD,EWR,IAD,103,800,14,15,2013-02-18 14:00:00
2013,3,4,1161,1145,16,1318,1302,8,WN,4859,N170GE,EWR,MSP,117,928,11,45,2013-03-04 11:00:00
2013,1,22,557,545,12,1202,1190,36,US,3513,N141GA,LGA,ORD,405,3755,5,45,2013-01-22 05:00:00
2013,9,7,1784,1800,-16,2226,2242,-5,OO,4624,N434GC,LGA,MIA,282,2337,18,0,2013-09-07 18:00:00
2013,7,26,1539,1515,24,2057,2033,42,9E,2197,N316CA,LGA,DTW,318,2778,15,15,2013-07-26 15:00:00
2013,12,16,1476,1500,-24,2087,2111,-23,MQ,8968,N991GB,JFK,BWI,371,3340,15,0,2013-12-16 15:00:00
2013,11,4,1390,1415,-25,1610,1635,-19,B6,6374,N640EA,LGA,RDU,140,1310,14,15,2013-11-04 14:00:00
2013,9,5,2229,2145,84,2751,2667,69,MQ,8935,N450AD,EWR,CLT,322,2785,21,45,2013-09-05 21:00:00
2013,11,7,2126,2130,-4,2778,2782,-11,HA,1139,N178HF,JFK,SEA,412,3100,21,30,2013-11-07 21:00:00
2013,7,2,1037,1030,7,1689,1682,6,OO,9384,N931AC,EWR,MCO,412,3249,10,30,2013-07-02 10:00:00
2013,5,27,590,615,-25,1031,1056,-3,AA,1187,N373GC,JFK,SFO,281,2505,6,15,2013-05-27 06:00:00
2013,7,15,1249,1245,4,1598,1594,-8,VX,887,N360HB,JFK,MCO,229,1964,12,45,2013-07-15 12:00:00
2013,7,13,1504,1515,-11,2019,2030,9,WN,2077,N407CF,EWR,CVG,315,2599,15,15,2013-07-13 15:00:00
2013,11,1,1953,1930,23,2004,1981,38,UA,3772,N708DB,JFK,MSP,51,390,19,30,2013-11-01 19:00:00
2013,10,13,2130,2145,-15,2668,2683,-2,AS,9195,N607AB,EWR,PBI,338,2613,21,45,2013-10-13 21:00:00
2013,7,13,647,630,17,1296,1279,26,AA,1378,N605AC,LGA,DTW,409,3215,6,30,2013-07-13 06:00:00
2013,11,4,1595,1530,65,2035,1970,79,9E,980,N523BC,EWR,SJU,280,2262,15,30,2013-11-04 15:00:00
2013,4,18,1512,1500,12,2034,2022,25,US,2670,N726BD,JFK,PBI,322,2946,15,0,2013-04-18 15:00:00
2013,10,14,1795,1800,-5,2342,2347,1,B6,7740,N456CE,EWR,HNL,347,2802,18,0,2013-10-14 18:00:00
2013,2,13,2060,2045,15,2499,2484,9,F9,1039,N578CB,EWR,MSP,279,2448,20,45,2013-02-13 20:00:00
2013,10,10,525,515,10,579,569,-4,DL,9931,N994EC,JFK,BWI,54,422,5,15,2013-10-10 05:00:00
2013,10,9,2231,2200,31,2358,2327,33,OO,937,N891EF,JFK,MCO,87,786,22,0,2013-10-09 22:00:00
2013,2,21,1762,1730,32,1908,1876,56,9E,3914,N455GB,JFK,BQN,106,875,17,30,2013-02-21 17:00:00
2013,6,24,2225,2200,25,2853,2828,34,9E,4855,N293AA,LGA,RDU,388,3634,22,0,2013-06-24 22:00:00
2013,3,2,1669,1615,54,1775,1721,81,9E,2080,N315AE,JFK,RDU,66,510,16,15,2013-03-02 16:00:00
2013,8,25,982,1000,-18,1428,1446,-32,F9,4587,N435HE,EWR,STL,286,2272,10,0,2013-08-25 10:00:00
2013,1,19,2047,2030,17,2571,2554,8,US,4450,N413HF,JFK,DFW,324,3007,20,30,2013-01-19 20:00:00
2013,4,19,1186,1130,56,1619,1563,69,US,5338,N469FD,JFK,OAK,273,2360,11,30,2013-04-19 11:00:00
2013,7,2,966,945,21,1601,1580,15,MQ,269,N749HC,EWR,SJU,395,3393,9,45,2013-07-02 09:00:00
2013,7,10,823,830,-7,1434,1441,-8,FL,7715,N450BF,LGA,CLE,371,3329,8,30,2013-07-10 08:00:00
2013,10,24,1996,2000,-4,2612,2616,2,B6,1455,N588EC,EWR,FLL,376,2898,20,0,2013-10-24 20:00:00
2013,6,11,1129,1145,-16,1274,1290,-10,YV,4597,N722FB,EWR,MDW,105,828,11,45,2013-06-11 11:00:00
2013,6,6,1882,1800,82,2228,2146,98,FL,8421,N836HE,EWR,HNL,226,1935,18,0,2013-06-06 18:00:00
2013,10,18,1715,1615,100,1842,1742,119,WN,873,N855GA,EWR,MSY,87,773,16,15,2013-10-18 16:00:00
2013,9,21,1745,1745,0,2189,2189,3,US,8196,N216DB,EWR,PBI,284,2421,17,45,2013-09-21 17:00:00
2013,9,8,2160,2145,15,2262,2247,7,YV,2547,N875DA,LGA,CLE,62,587,21,45,2013-09-08 21:00:00
2013,1,23,1185,1130,55,1626,1571,78,UA,3382,N708HB,EWR,DTW,281,2163,11,30,2013-01-23 11:00:00
2013,10,22,699,700,-1,834,835,10,US,3204,N959CA,JFK,PHL,95,761,7,0,2013-10-22 07:00:00
2013,2,26,1965,1930,35,2317,2282,50,MQ,5488,N486BE,LGA,MCO,232,2037,19,30,2013-02-26 19:00:00
2013,2,17,604,615,-11,1152,1163,13,AA,1698,N298CC,JFK,BWI,348,3116,6,15,2013-02-17 06:00:00
2013,12,5,2214,2215,-1,2423,2424,-15,B6,3173,N203DB,LGA,PHL,129,1045,22,15,2013-12-05 22:00:00
2013,6,5,1980,1945,35,2339,2304,35,WN,766,N640BC,EWR,RDU,239,2190,19,45,2013-06-05 19:00:00
2013,4,17,860,945,-85,1509,1594,-82,VX,8241,N516EF,LGA,MKE,409,3864,9,45,2013-04-17 09:00:00
2013,2,3,1912,1930,-18,2361,2379,-9,UA,7278,N811DD,LGA,MSP,289,2304,19,30,2013-02-03 19:00:00
2013,10,6,1889,1915,-26,2302,2328,-13,AA,9326,N811FA,JFK,MDW,253,2094,19,15,2013-10-06 19:00:00
2013,10,4,1517,1545,-28,1824,1852,-7,EV,9104,N183FE,LGA,ORD,187,1485,15,45,2013-10-04 15:00:00
2013,10,25,833,845,-12,1152,1164,14,DL,2630,N425BC,JFK,SFO,199,1730,8,45,2013-10-25 08:00:00
2013,8,9,765,730,35,1181,1146,55,EV,2042,N206DD,LGA,SFO,256,2134,7,30,2013-08-09 07:00:00
2013,7,15,1188,1145,43,1338,1295,71,US,1969,N581CE,EWR,CLT,110,921,11,45,2013-07-15 11:00:00
2013,1,14,1778,1730,48,2291,2243,38,AS,6739,N263FA,LGA,MIA,313,2726,17,30,2013-01-14 17:00:00
2013,10,5,1043,1100,-57,1177,1234,-48,US,5635,N444BB,LGA,BWI,94,757,11,0,2013-10-05 11:00:00
2013,3,4,2322,2215,107,2455,2348,99,AA,8061,N824BB,LGA,SNA,93,837,22,15,2013-03-04 22:00:00
2013,9,23,997,1045,-48,1625,1673,-26,HA,7586,N149BA,LGA,CLT,388,3505,10,45,2013-09-23 10:00:00
2013,8,26,1391,1430,-39,1436,1475,-19,UA,9851,N337CE,JFK,RDU,45,396,14,30,2013-08-26 14:00:00
2013,8,6,1516,1430,86,1856,1770,77,B6,1798,N390DC,EWR,BOS,220,1739,14,30,2013-08-06 14:00:00
2013,6,4,1437,1515,-78,1566,1644,-90,MQ,9035,N585CE,EWR,STL,89,776,15,15,2013-06-04 15:00:00
2013,8,16,1882,1900,-18,2120,2138,-12,B6,8994,N830ED,LGA,CVG,158,1283,19,0,2013-08-16 19:00:00
2013,11,21,743,745,-2,947,949,4,AS,2195,N988GC,LGA,DEN,124,1156,7,45,2013-11-21 07:00:00
2013,7,4,2124,2130,-6,2441,2447,11,9E,8188,N489HC,EWR,LAX,197,1649,21,30,2013-07-04 21:00:00
2013,4,25,698,700,-2,812,814,14,WN,5808,N756FF,JFK,BQN,74,649,7,0,2013-04-25 07:00:00
2013,2,2,1442,1415,27,1883,1856,26,YV,1930,N197FD,LGA,CLE,281,2565,14,15,2013-02-02 14:00:00
2013,5,24,1884,1930,-46,2395,2441,-45,9E,2288,N135EF,EWR,TPA,311,2508,19,30,2013-05-24 19:00:00
2013,5,14,1488,1500,-12,2095,2107,-26,UA,5456,N500FD,JFK,FLL,367,3014,15,0,2013-05-14 15:00:00
2013,4,17,2093,2115,-22,2243,2265,-12,F9,7267,N172FD,JFK,DTW,110,1000,21,15,2013-04-17 21:00:00
2013,3,9,1715,1715,0,2229,2229,27,UA,1926,N841FE,JFK,TPA,314,2928,17,15,2013-03-09 17:00:00
2013,1,26,899,900,-1,1052,1053,-15,EV,9730,N865HA,JFK,ATL,113,973,9,0,2013-01-26 09:00:00
2013,5,18,1445,1445,0,2045,2045,12,MQ,750,N328AA,JFK,CVG,360,2858,14,45,2013-05-18 14:00:00
2013,11,20,1133,1100,33,1380,1347,37,HA,2444,N315EA,LGA,MDW,167,1274,11,0,2013-11-20 11:00:00
2013,5,27,619,645,-26,1071,1097,-12,EV,7649,N840BC,LGA,MIA,292,2466,6,45,2013-05-27 06:00:00
2013,6,20,760,700,60,886,826,90,AA,6658,N183HA,JFK,SFO,86,779,7,0,2013-06-20 07:00:00
2013,11,27,1916,1815,101,2333,2232,126,DL,7026,N233FF,EWR,BWI,257,2177,18,15,2013-11-27 18:00:00
2013,4,4,1302,1300,2,1819,1817,26,B6,7675,N676FE,EWR,DTW,317,2865,13,0,2013-04-04 13:00:00
2013,4,3,523,500,23,728,705,30,US,5443,N349HB,EWR,OAK,125,992,5,0,2013-04-03 05:00:00
2013,10,22,585,615,-30,1139,1169,-37,F9,6415,N949BE,LGA,CVG,354,2843,6,15,2013-10-22 06:00:00
2013,11,28,1893,1915,-22,2434,2456,-4,HA,1121,N616GC,EWR,DTW,341,3224,19,15,2013-11-28 19:00:00
2013,3,6,1560,1515,45,2082,2037,42,EV,6571,N178FC,LGA,CLT,322,2492,15,15,2013-03-06 15:00:00
2013,4,21,641,645,-4,1199,1203,10,YV,7715,N343BB,JFK,PBI,358,2934,6,45,2013-04-21 06:00:00
2013,3,13,867,845,22,1108,1086,52,UA,564,N294FE,LGA,SNA,161,1369,8,45,2013-03-13 08:00:00
2013,3,19,619,600,19,1157,1138,41,VX,6362,N278EC,LGA,CLE,338,3190,6,0,2013-03-19 06:00:00
2013,8,6,1187,1115,72,1806,1734,83,EV,3083,N412CA,JFK,DFW,379,3331,11,15,2013-08-06 11:00:00
2013,8,19,1001,1045,-44,1515,1559,-46,9E,723,N250EA,EWR,SNA,314,2929,10,45,2013-08-19 10:00:00
2013,12,8,1284,1300,-16,1532,1548,4,VX,6034,N997FC,LGA,RDU,168,1500,13,0,2013-12-08 13:00:00
2013,11,12,1682,1700,-18,2237,2255,7,EV,9561,N886GE,LGA,CLE,355,3258,17,0,2013-11-12 17:00:00
2013,9,12,1082,1100,-18,1390,1408,-23,US,2924,N177GB,JFK,HNL,188,1543,11,0,2013-09-12 11:00:00
2013,4,6,1268,1315,-47,1904,1951,-34,AS,3914,N322FF,LGA,SFO,396,3015,13,15,2013-04-06 13:00:00
2013,4,22,2245,2230,15,2894,2879,19,VX,746,N960BF,LGA,BOS,409,3521,22,30,2013-04-22 22:00:00
2013,9,12,2009,2030,-21,2438,2459,-4,WN,7534,N497HE,LGA,BWI,269,2132,20,30,2013-09-12 20:00:00
2013,4,12,1844,1900,-56,2094,2150,-38,AA,2318,N616AB,EWR,CVG,170,1534,19,0,2013-04-12 19:00:00
2013,10,21,972,1015,-43,1117,1160,-20,US,2387,N117CC,LGA,SFO,105,826,10,15,2013-10-21 10:00:00
2013,11,4,1050,1115,-65,1391,1456,-50,OO,2625,N275AD,EWR,BQN,221,1989,11,15,2013-11-04 11:00:00
2013,9,22,1190,1215,-25,1798,1823,2,VX,3013,N254AE,EWR,SJU,368,3120,12,15,2013-09-22 12:00:00
2013,10,27,2170,2130,40,2308,2268,32,FL,5839,N195BE,JFK,DFW,98,882,21,30,2013-10-27 21:00:00
2013,5,7,1595,1515,80,2197,2117,96,AS,3176,N747FC,JFK,DFW,362,3201,15,15,2013-05-07 15:00:00
2013,3,5,1222,1230,-8,1347,1355,9,DL,1176,N222BE,LGA,BQN,85,663,12,30,2013-03-05 12:00:00
2013,12,8,2251,2200,51,2877,2826,49,OO,8643,N741HF,EWR,MIA,386,3623,22,0,2013-12-08 22:00:00
2013,7,12,1635,1600,35,2263,2228,37,F9,4648,N912AF,JFK,CLE,388,3114,16,0,2013-07-12 16:00:00
2013,1,19,2199,2130,69,2308,2239,60,EV,9872,N997AD,EWR,DEN,69,622,21,30,2013-01-19 21:00:00
2013,8,10,530,515,15,636,621,5,UA,7131,N384AE,EWR,DFW,66,510,5,15,2013-08-10 05:00:00
2013,10,7,1796,1815,-19,2310,2329,-6,B6,5164,N664AA,EWR,MDW,314,2775,18,15,2013-10-07 18:00:00
2013,8,12,846,815,31,1149,1118,44,FL,978,N419CB,EWR,DTW,183,1390,8,15,2013-08-12 08:00:00
2013,3,27,2213,2200,13,2326,2313,8,WN,4662,N807FE,JFK,MSP,73,664,22,0,2013-03-27 22:00:00
2013,8,1,1331,1345,-14,1562,1576,-29,B6,9068,N904DB,JFK,SFO,151,1282,13,45,2013-08-01 13:00:00
2013,10,24,1923,1900,23,2360,2337,14,WN,3359,N367GF,LGA,PBI,277,2525,19,0,2013-10-24 19:00:00
2013,9,21,2218,2200,18,2737,2719,14,UA,1665,N928HF,JFK,MDW,319,2863,22,0,2013-09-21 22:00:00
2013,1,5,937,945,-8,1057,1065,-18,US,7878,N229GA,EWR,ORD,80,688,9,45,2013-01-05 09:00:00
2013,10,16,916,930,-14,1250,1264,-8,F9,393,N660BF,JFK,HNL,214,1683,9,30,2013-10-16 09:00:00
2013,11,28,926,900,26,1536,1510,48,DL,4474,N980DE,EWR,DEN,370,3192,9,0,2013-11-28 09:00:00
2013,8,5,1039,1100,-61,1196,1257,-73,FL,9257,N842CE,EWR,HNL,117,1100,11,0,2013-08-05 11:00:00
2013,8,5,781,800,-19,1317,1336,-12,9E,3605,N168CB,JFK,ORD,336,2702,8,0,2013-08-05 08:00:00
2013,12,19,1404,1400,4,1458,1454,3,HA,2147,N289BB,LGA,ORD,54,438,14,0,2013-12-19 14:00:00
2013,9,14,1032,1045,-13,1482,1495,-23,B6,6387,N961BB,EWR,CLT,290,2754,10,45,2013-09-14 10:00:00
2013,5,6,2007,2015,-8,2434,2442,18,OO,3943,N727HA,EWR,CLE,267,2151,20,15,2013-05-06 20:00:00
2013,1,7,1125,1100,25,1343,1318,51,FL,4498,N100AE,LGA,FLL,138,1192,11,0,2013-01-07 11:00:00
2013,4,28,1361,1400,-39,1979,2018,-24,OO,8321,N802GF,JFK,STL,378,2995,14,0,2013-04-28 14:00:00
2013,6,18,1508,1500,8,2066,2058,-3,US,9722,N316DD,EWR,SEA,358,3389,15,0,2013-06-18 15:00:00
2013,11,25,1053,1045,8,1305,1297,21,HA,9057,N759BC,LGA,CLE,172,1315,10,45,2013-11-25 10:00:00
2013,6,28,1811,1845,-34,2461,2495,-41,US,6485,N648AA,JFK,HNL,410,3350,18,45,2013-06-28 18:00:00
2013,1,10,2131,2145,-14,2251,2265,-5,9E,4941,N313GC,LGA,ORD,80,617,21,45,2013-01-10 21:00:00
2013,9,27,1452,1400,52,1695,1643,44,WN,765,N530DC,EWR,PHL,163,1505,14,0,2013-09-27 14:00:00
2013,10,26,2233,2200,33,2281,2248,37,OO,9202,N283HC,LGA,CLE,48,387,22,0,2013-10-26 22:00:00
2013,5,20,1414,1315,99,1828,1729,119,FL,3499,N438DC,EWR,SNA,254,2339,13,15,2013-05-20 13:00:00
2013,3,22,1294,1315,-21,1544,1565,8,UA,9754,N216HC,EWR,MIA,170,1509,13,15,2013-03-22 13:00:00
2013,6,25,936,930,6,1366,1360,15,EV,1078,N718CA,LGA,MIA,270,2535,9,30,2013-06-25 09:00:00
2013,3,8,782,815,-33,1084,1117,-25,OO,556,N282BE,EWR,SEA,182,1653,8,15,2013-03-08 08:00:00
2013,10,7,1640,1630,10,1788,1778,-3,F9,8715,N461GB,EWR,IAD,108,861,16,30,2013-10-07 16:00:00
2013,8,16,893,900,-7,1408,1415,1,VX,4839,N430DE,JFK,STL,315,2673,9,0,2013-08-16 09:00:00
2013,5,14,2220,2115,105,2872,2767,119,F9,1824,N538BC,LGA,PHL,412,3735,21,15,2013-05-14 21:00:00
2013,8,16,1238,1130,108,1795,1687,105,DL,6875,N971AF,EWR,BWI,357,3213,11,30,2013-08-16 11:00:00
2013,9,7,1033,1045,-12,1373,1385,-1,EV,4196,N531BD,LGA,PHL,220,2010,10,45,2013-09-07 10:00:00
2013,4,10,645,645,0,1051,1051,20,AS,6865,N780GF,LGA,HNL,246,2317,6,45,2013-04-10 06:00:00
2013,3,18,1390,1345,45,1524,1479,40,B6,917,N348BA,EWR,DEN,94,744,13,45,2013-03-18 13:00:00
2013,6,20,1330,1315,15,1942,1927,17,9E,1509,N948FE,LGA,IAD,372,3503,13,15,2013-06-20 13:00:00
2013,3,25,1017,945,72,1545,1473,64,YV,2323,N574GF,LGA,DEN,328,2901,9,45,2013-03-25 09:00:00
2013,5,25,1406,1345,61,1950,1889,79,AS,3499,N231GD,EWR,SNA,344,2700,13,45,2013-05-25 13:00:00
2013,5,17,1736,1700,36,1847,1811,31,FL,4434,N734GB,EWR,SEA,71,533,17,0,2013-05-17 17:00:00
2013,6,6,1516,1500,16,1860,1844,9,VX,6634,N647AC,EWR,DTW,224,1748,15,0,2013-06-06 15:00:00
2013,6,13,589,645,-56,1222,1278,-70,9E,3288,N974GE,JFK,PBI,393,3194,6,45,2013-06-13 06:00:00
2013,6,13,962,930,32,1607,1575,45,FL,618,N134DB,EWR,MKE,405,3230,9,30,2013-06-13 09:00:00
2013,12,14,1339,1330,9,1754,1745,18,DL,5230,N436GB,JFK,DEN,255,2214,13,30,2013-12-14 13:00:00
2013,3,12,2149,2100,49,2666,2617,51,DL,5543,N604DB,LGA,FLL,317,3008,21,0,2013-03-12 21:00:00
2013,6,28,958,915,43,1595,1552,64,9E,104,N460GF,EWR,SNA,397,3185,9,15,2013-06-28 09:00:00
2013,7,20,1658,1630,28,1902,1874,27,OO,4466,N196BF,JFK,MDW,164,1345,16,30,2013-07-20 16:00:00
2013,12,3,1493,1515,-22,2031,2053,-31,UA,2309,N563AB,JFK,DTW,338,2837,15,15,2013-12-03 15:00:00
2013,2,20,1158,1115,43,1659,1616,69,VX,9210,N335FF,EWR,MIA,301,2727,11,15,2013-02-20 11:00:00
2013,3,16,2102,2130,-28,2355,2383,-4,F9,8725,N908GC,LGA,DEN,173,1629,21,30,2013-03-16 21:00:00
2013,5,4,1420,1330,90,1732,1642,118,US,9234,N505GC,LGA,BOS,192,1621,13,30,2013-05-04 13:00:00
2013,6,24,881,900,-19,988,1007,-4,UA,6740,N353HB,EWR,CLE,67,604,9,0,2013-06-24 09:00:00
2013,2,6,2032,2030,2,2556,2554,1,AS,3324,N602CD,EWR,MKE,324,2951,20,30,2013-02-06 20:00:00
2013,8,12,1698,1700,-2,1845,1847,1,US,7158,N141GC,EWR,FLL,107,814,17,0,2013-08-12 17:00:00
2013,5,16,936,900,36,1539,1503,43,B6,1217,N185GC,LGA,MDW,363,3066,9,0,2013-05-16 09:00:00
2013,6,12,502,515,-13,1054,1067,14,EV,385,N859EE,EWR,IAD,352,3288,5,15,2013-06-12 05:00:00
2013,12,6,873,900,-27,1501,1528,-4,UA,8086,N174FC,JFK,MIA,388,3454,9,0,2013-12-06 09:00:00
2013,10,13,2133,2115,18,2587,2569,37,B6,688,N896CD,LGA,PBI,294,2490,21,15,2013-10-13 21:00:00
2013,5,27,1113,1100,13,1572,1559,26,HA,2150,N458AF,LGA,SFO,299,2498,11,0,2013-05-27 11:00:00
2013,7,3,2117,2130,-13,2334,2347,-21,MQ,1435,N786DB,EWR,PHX,137,1247,21,30,2013-07-03 21:00:00
2013,4,10,1771,1815,-44,2272,2316,-15,OO,4182,N544BF,JFK,DTW,301,2512,18,15,2013-04-10 18:00:00
2013,2,11,1513,1515,-2,2153,2155,-12,MQ,5614,N469AD,JFK,BWI,400,3368,15,15,2013-02-11 15:00:00
2013,2,7,2273,2215,58,2415,2357,83,UA,777,N972ED,JFK,BWI,102,934,22,15,2013-02-07 22:00:00
2013,4,8,520,545,-25,942,967,-4,F9,9894,N946BD,JFK,PHX,262,2072,5,45,2013-04-08 05:00:00
2013,3,19,2092,2045,47,2741,2694,41,9E,9902,N815DC,JFK,BQN,409,3272,20,45,2013-03-19 20:00:00
2013,5,8,1271,1330,-59,1800,1859,-45,EV,8861,N583BF,EWR,PHL,329,3110,13,30,2013-05-08 13:00:00
2013,3,25,1726,1715,11,2075,2064,10,AS,6462,N306CB,LGA,ATL,229,2112,17,15,2013-03-25 17:00:00
2013,3,5,2093,2130,-37,2444,2481,-9,WN,5297,N433BF,EWR,BQN,231,1758,21,30,2013-03-05 21:00:00
2013,8,8,1302,1230,72,1508,1436,99,OO,5727,N829BD,EWR,MSY,126,1063,12,30,2013-08-08 12:00:00
2013,1,16,1565,1615,-50,1997,2047,-38,DL,9438,N282DF,JFK,IAD,272,2107,16,15,2013-01-16 16:00:00
2013,12,16,1417,1445,-28,1525,1553,-8,MQ,924,N395BD,EWR,MSY,68,622,14,45,2013-12-16 14:00:00
2013,2,10,1838,1815,23,2438,2415,16,EV,6086,N185HB,JFK,IAD,360,3267,18,15,2013-02-10 18:00:00
2013,2,23,722,615,107,926,819,104,YV,9534,N654HF,JFK,CLT,124,1039,6,15,2013-02-23 06:00:00
2013,3,14,1577,1515,62,1906,1844,70,FL,8699,N797AE,EWR,STL,209,1806,15,15,2013-03-14 15:00:00
2013,5,11,509,530,-21,1038,1059,-13,F9,7418,N175AF,JFK,SFO,329,2690,5,30,2013-05-11 05:00:00
2013,12,14,1416,1415,1,2024,2023,1,AA,7290,N983HE,JFK,PHX,368,2904,14,15,2013-12-14 14:00:00
2013,6,6,1618,1645,-27,1948,1975,-16,VX,3876,N977GA,EWR,HNL,210,1762,16,45,2013-06-06 16:00:00
2013,4,22,616,545,71,975,904,69,YV,6523,N641AD,JFK,CLE,239,2082,5,45,2013-04-22 05:00:00
2013,11,15,2193,2200,-7,2337,2344,-18,FL,1778,N821BD,LGA,TPA,104,783,22,0,2013-11-15 22:00:00
2013,4,7,495,500,-5,546,551,1,VX,6205,N301HC,JFK,FLL,51,409,5,0,2013-04-07 05:00:00
2013,12,7,1740,1700,40,2242,2202,62,YV,2162,N681DC,JFK,MKE,302,2792,17,0,2013-12-07 17:00:00
2013,7,28,1800,1845,-45,2011,2056,-52,AA,8088,N960AD,EWR,BWI,131,990,18,45,2013-07-28 18:00:00
2013,12,12,557,630,-73,676,749,-80,B6,6644,N603DE,EWR,BWI,79,626,6,30,2013-12-12 06:00:00
2013,8,3,1556,1500,56,1898,1842,42,VX,4477,N478GE,JFK,SNA,222,2025,15,0,2013-08-03 15:00:00
2013,3,4,1675,1745,-70,2202,2272,-54,YV,4807,N494AA,JFK,MSY,327,2697,17,45,2013-03-04 17:00:00
2013,5,5,1945,1900,45,2273,2228,47,9E,9138,N354AB,JFK,PBI,208,1743,19,0,2013-05-05 19:00:00
2013,12,13,1511,1415,96,2047,1951,87,9E,9768,N728EE,JFK,BQN,336,2880,14,15,2013-12-13 14:00:00
2013,6,25,1003,945,58,1134,1076,61,AA,4209,N185FC,EWR,HNL,91,742,9,45,2013-06-25 09:00:00
2013,1,25,1417,1400,17,1663,1646,17,WN,3252,N802FF,LGA,PHX,166,1424,14,0,2013-01-25 14:00:00
2013,2,24,1864,1830,34,2015,1981,21,AS,4366,N421AA,LGA,MKE,111,1008,18,30,2013-02-24 18:00:00
2013,10,19,1030,1045,-15,1387,1402,-26,EV,3834,N345AD,LGA,BQN,237,1782,10,45,2013-10-19 10:00:00
2013,5,26,1772,1730,42,1887,1845,47,B6,6783,N524EC,EWR,SJU,75,639,17,30,2013-05-26 17:00:00
2013,10,7,1876,1815,61,2085,2024,87,AS,391,N794CC,EWR,MCO,129,1038,18,15,2013-10-07 18:00:00
2013,1,1,1460,1415,45,2083,2038,69,B6,4173,N152DA,EWR,PBI,383,3211,14,15,2013-01-01 14:00:00
2013,5,27,808,745,63,1314,1251,82,YV,9868,N140BF,JFK,CLT,306,2400,7,45,2013-05-27 07:00:00
2013,8,23,576,545,31,1122,1091,21,VX,5890,N821EF,JFK,TPA,346,3170,5,45,2013-08-23 05:00:00
2013,6,28,1723,1700,23,1930,1907,48,YV,6362,N845EA,EWR,PBI,127,1126,17,0,2013-06-28 17:00:00
2013,7,24,620,630,-10,855,865,-18,F9,5479,N630BE,EWR,SEA,155,1226,6,30,2013-07-24 06:00:00
2013,5,16,1135,1145,-10,1663,1673,13,VX,890,N442HD,JFK,MKE,328,3023,11,45,2013-05-16 11:00:00
2013,9,7,2100,2100,0,2536,2536,24,AA,7404,N354CD,LGA,DEN,276,2325,21,0,2013-09-07 21:00:00
2013,11,3,1738,1715,23,2089,2066,31,MQ,1039,N825DA,JFK,FLL,231,2042,17,15,2013-11-03 17:00:00
2013,1,6,1873,1900,-27,2184,2211,-7,UA,7727,N951GB,EWR,FLL,191,1559,19,0,2013-01-06 19:00:00
2013,4,13,1985,1930,55,2343,2288,76,DL,8644,N935FD,EWR,SFO,238,2226,19,30,2013-04-13 19:00:00
2013,5,17,652,730,-78,1298,1376,-81,FL,4903,N330CD,LGA,OAK,406,3229,7,30,2013-05-17 07:00:00
2013,5,13,867,900,-33,1016,1049,-16,F9,3442,N233DC,LGA,MIA,109,968,9,0,2013-05-13 09:00:00
2013,1,5,681,700,-19,1228,1247,-3,EV,7122,N486BD,EWR,MIA,347,3117,7,0,2013-01-05 07:00:00
2013,8,16,806,845,-39,1221,1260,-15,9E,5504,N832AE,LGA,CLT,255,2337,8,45,2013-08-16 08:00:00
2013,6,2,2098,2130,-32,2144,2176,-34,AA,2257,N325AD,JFK,OAK,46,348,21,30,2013-06-02 21:00:00
2013,3,26,611,600,11,858,847,34,US,9239,N248BF,JFK,SFO,167,1556,6,0,2013-03-26 06:00:00
2013,9,4,1064,1030,34,1713,1679,55,DL,9631,N197AF,LGA,PHX,409,3451,10,30,2013-09-04 10:00:00
2013,6,26,1729,1715,14,2235,2221,35,VX,9539,N352BF,EWR,IAD,306,2730,17,15,2013-06-26 17:00:00
2013,12,26,530,530,0,741,741,2,OO,8911,N115CD,EWR,MKE,131,1160,5,30,2013-12-26 05:00:00
2013,3,18,703,645,58,1008,950,73,DL,8861,N256BC,JFK,DEN,185,1460,6,45,2013-03-18 06:00:00
2013,4,14,2122,2100,22,2577,2555,28,9E,1392,N800ED,EWR,SJU,295,2295,21,0,2013-04-14 21:00:00
2013,5,21,1904,1900,4,2305,2301,19,UA,9034,N498DC,LGA,MDW,241,1827,19,0,2013-05-21 19:00:00
2013,10,1,2122,2130,-8,2736,2744,-7,HA,9671,N810HB,JFK,LAX,374,2805,21,30,2013-10-01 21:00:00
2013,5,8,2302,2230,72,2555,2483,78,YV,1934,N212BD,EWR,ORD,173,1629,22,30,2013-05-08 22:00:00
2013,10,8,2257,2245,12,2595,2583,33,UA,5641,N574HF,LGA,BWI,218,1836,22,45,2013-10-08 22:00:00
2013,3,6,574,515,59,980,921,74,OO,8355,N890HB,LGA,BOS,246,2332,5,15,2013-03-06 05:00:00
2013,12,26,1078,1045,33,1633,1600,52,AA,7289,N484AD,EWR,PHL,355,2707,10,45,2013-12-26 10:00:00
2013,12,25,779,830,-51,1393,1444,-26,WN,7896,N816DA,LGA,HNL,374,2847,8,30,2013-12-25 08:00:00
2013,12,14,2034,2000,34,2270,2236,34,B6,6253,N539BC,EWR,BQN,156,1319,20,0,2013-12-14 20:00:00
2013,5,7,1006,1000,6,1651,1645,8,MQ,7381,N703HB,JFK,LAX,405,3090,10,0,2013-05-07 10:00:00
2013,9,10,585,645,-60,1143,1203,-59,B6,9100,N860FB,JFK,STL,358,2839,6,45,2013-09-10 06:00:00
2013,8,26,1757,1715,42,2182,2140,55,EV,2921,N752CD,JFK,MSP,265,2193,17,15,2013-08-26 17:00:00
2013,8,23,1356,1315,41,1611,1570,46,UA,1948,N675BF,EWR,CLT,175,1463,13,15,2013-08-23 13:00:00
2013,8,20,1046,1030,16,1551,1535,36,AA,3932,N148BD,JFK,BQN,305,2295,10,30,2013-08-20 10:00:00
2013,8,2,907,915,-8,958,966,2,DL,6547,N857GE,JFK,IAD,51,470,9,15,2013-08-02 09:00:00
2013,12,14,2055,2045,10,2170,2160,-3,WN,2647,N569FD,JFK,MIA,75,683,20,45,2013-12-14 20:00:00
2013,11,2,1813,1800,13,2065,2052,23,YV,6349,N260HC,JFK,CLT,172,1524,18,0,2013-11-02 18:00:00
2013,6,10,2240,2245,-5,2659,2664,6,OO,8529,N152GD,EWR,PBI,259,2432,22,45,2013-06-10 22:00:00
2013,12,6,944,915,29,1499,1470,49,US,3922,N767HC,JFK,SEA,355,2873,9,15,2013-12-06 09:00:00
2013,4,27,1648,1645,3,1804,1801,-9,WN,3806,N363GA,EWR,PHL,116,913,16,45,2013-04-27 16:00:00
2013,7,22,1510,1530,-20,2162,2182,0,UA,3417,N979HB,LGA,SNA,412,3548,15,30,2013-07-22 15:00:00
2013,3,18,730,630,100,1136,1036,96,AA,1661,N497EC,JFK,ORD,246,2264,6,30,2013-03-18 06:00:00
2013,4,4,2297,2230,67,2708,2641,92,HA,6920,N913EE,JFK,IAD,251,2145,22,30,2013-04-04 22:00:00
2013,2,10,2250,2230,20,2884,2864,27,VX,2668,N570EE,JFK,PBI,394,3611,22,30,2013-02-10 22:00:00
2013,11,18,1915,1830,85,2264,2179,113,F9,5698,N352CD,JFK,SEA,229,1783,18,30,2013-11-18 18:00:00
2013,3,13,1380,1300,80,1638,1558,105,9E,2526,N867CC,LGA,RDU,178,1344,13,0,2013-03-13 13:00:00
2013,1,27,1970,1930,40,2587,2547,63,9E,9695,N767GC,JFK,CLT,377,3559,19,30,2013-01-27 19:00:00
2013,7,16,1418,1345,73,1866,1793,98,AS,2537,N916DD,EWR,BOS,288,2732,13,45,2013-07-16 13:00:00
2013,10,2,1332,1315,17,1686,1669,15,US,3656,N891GA,EWR,IAD,234,2088,13,15,2013-10-02 13:00:00
2013,12,4,2027,2045,-18,2280,2298,11,AA,6679,N534AD,LGA,ATL,173,1632,20,45,2013-12-04 20:00:00
